warning: rellich-kondrachov: repository '/work/qrh-proof/formalization/.lake/packages/rellich-kondrachov' has local changes
warning: PrimeNumberTheoremAnd: repository '/work/qrh-proof/formalization/.lake/packages/PrimeNumberTheoremAnd' has local changes
✔ [8939/9299] Built OAI.NumberTheory.DirichletL.Detector.Compensation (3.0s)
✔ [8940/9301] Built OAI.NumberTheory.DirichletL.CubicSieve.Factorization (4.0s)
✔ [8941/9320] Built OAI.NumberTheory.DirichletL.Detector.Euler (4.4s)
✔ [8942/9320] Built OAI.NumberTheory.DirichletL.Detector.Local (4.4s)
✔ [8943/9346] Built OAI.NumberTheory.DirichletL.CubicSieve.Algebra (4.4s)
✔ [8944/9358] Built OAI.NumberTheory.DirichletL.Moments.Basic (4.7s)
✔ [8950/9394] Built OAI.NumberTheory.DirichletL.Moments.Correlation (5.0s)
✔ [8951/9394] Built OAI.NumberTheory.DirichletL.Detector.Gauss (6.1s)
✔ [8952/9394] Built OAI.NumberTheory.DirichletL.Arithmetic.EisensteinCoordinates (6.8s)
✔ [8953/9396] Built OAI.NumberTheory.DirichletL.Supremum (3.0s)
✔ [8954/9396] Built OAI.NumberTheory.DirichletL.Descent.Marks (3.9s)
✔ [8955/9396] Built OAI.NumberTheory.DirichletL.Descent.Overlap (3.9s)
✔ [8956/9396] Built OAI.NumberTheory.DirichletL.CubicSieve.Operator (8.1s)
✔ [8957/9398] Built OAI.NumberTheory.DirichletL.EulerFactors (4.1s)
✔ [8958/9400] Built OAI.NumberTheory.DirichletL.FiniteFourier (4.8s)
✔ [8959/9400] Built OAI.NumberTheory.DirichletL.Detector.CorrectionBounds (5.9s)
✔ [8960/9486] Built WeightedQRH.Parameters (10s)
✔ [8961/9486] Built OAI.NumberTheory.DirichletL.Moments.PrimePower (4.3s)
✔ [8962/9486] Built OAI.NumberTheory.DirichletL.Moments.CRT (4.5s)
✔ [8963/9642] Built OAI.NumberTheory.DirichletL.Moments.FullCorrelation (4.4s)
✔ [8964/9642] Built OAI.NumberTheory.DirichletL.Continuation (4.2s)
✔ [8965/9648] Built OAI.NumberTheory.DirichletL.Mellin.ExponentialSmoothing (4.7s)
✔ [8966/9648] Built OAI.NumberTheory.DirichletL.Arithmetic.EisensteinIdeals (4.7s)
✔ [8967/9649] Built OAI.NumberTheory.DirichletL.ThetaProduct (12s)
✔ [8968/9649] Built OAI.NumberTheory.DirichletL.CubicSieve.Blocks (4.2s)
✔ [8969/9888] Built OAI.NumberTheory.DirichletL.FiniteConductor (4.4s)
✔ [8970/9888] Built OAI.NumberTheory.DirichletL.Detector.Basic (3.2s)
✔ [8971/9888] Built OAI.NumberTheory.DirichletL.Detector.NormalProduct (4.2s)
✔ [8972/9889] Built OAI.NumberTheory.DirichletL.GaussSum.ChineseRemainder (7.1s)
✔ [8973/9965] Built OAI.NumberTheory.DirichletL.PrimeCounting.PrimeMass (4.8s)
✔ [8974/9966] Built OAI.NumberTheory.DirichletL.Detector (5.8s)
✔ [8975/10025] Built OAI.NumberTheory.DirichletL.Hecke.MellinIdentity (4.4s)
✔ [8976/10025] Built OAI.NumberTheory.DirichletL.ContinuationInversion (4.7s)
✔ [8977/10093] Built OAI.NumberTheory.DirichletL.LogarithmicControl (7.3s)
✔ [8978/10105] Built WeightedQRH.NumeratorDamping (4.9s)
✔ [8979/10105] Built OAI.NumberTheory.DirichletL.EisensteinTheta (5.6s)
✔ [8980/10105] Built OAI.NumberTheory.DirichletL.CharacterTransport (4.0s)
⚠ [8981/10105] Built WeightedQRH.NumeratorHolder (6.2s)
warning: WeightedQRH/NumeratorHolder.lean:56:28: Variable name `hA` is not explicitly referenced.

Hint: The binding can be removed (if unused) or named `_` (if used implicitly). Alternatively, prefix the name with `_` to silence this warning:
  [apply] _hA

Note: This linter can be disabled with `set_option linter.unusedVariables false`
✔ [8982/10108] Built OAI.NumberTheory.DirichletL.ConductorBounds (5.1s)
✔ [8983/10111] Built OAI.NumberTheory.DirichletL.Mellin.LogProfiles (7.9s)
✔ [8984/10112] Built OAI.NumberTheory.DirichletL.Descent.Fibers (3.7s)
✔ [8985/10114] Built OAI.NumberTheory.DirichletL.Descent.LocalReflection (4.6s)
✔ [8986/10129] Built OAI.NumberTheory.DirichletL.HeathBrownIteration (3.2s)
✔ [8987/10141] Built OAI.NumberTheory.DirichletL.ParametersSlotLengths (5.8s)
✔ [8988/10145] Built OAI.NumberTheory.DirichletL.ContinuationContour (4.7s)
✔ [8989/10289] Built OAI.NumberTheory.DirichletL.LatticeSummability (4.7s)
✔ [8990/10414] Built OAI.NumberTheory.DirichletL.Descent.Basic (3.0s)
✔ [8991/10505] Built OAI.NumberTheory.DirichletL.ConductorPresentation (4.0s)
ℹ [8992/10505] Built WeightedQRH.NumeratorAmplitudeHolder (5.4s)
info: WeightedQRH/NumeratorAmplitudeHolder.lean:42:78: Try this:
  [apply] ring_nf
  
  The `ring` tactic failed to close the goal. Use `ring_nf` to obtain a normal form.
    
  Note that `ring` works primarily in *commutative* rings. If you have a noncommutative ring, abelian group or module, consider using `noncomm_ring`, `abel` or `module` instead.
✔ [8993/10750] Built OAI.NumberTheory.DirichletL.Descent.SieveComposition (4.2s)
✔ [8994/11313] Built OAI.NumberTheory.DirichletL.ContinuationPolynomialContour (4.9s)
✔ [8995/11313] Built OAI.NumberTheory.DirichletL.ChineseRemainder.AdditiveCharacters (6.8s)
✔ [8996/11316] Built OAI.NumberTheory.DirichletL.Hecke.Theta (8.5s)
✔ [8997/11316] Built OAI.NumberTheory.DirichletL.Detector.GramCommonParam (5.7s)
✔ [8998/11316] Built OAI.NumberTheory.DirichletL.Descent.SlotAssignments (4.1s)
✔ [8999/11316] Built OAI.NumberTheory.DirichletL.Endpoint (5.0s)
✔ [9000/11316] Built OAI.NumberTheory.DirichletL.GaussSum.FiniteFourier (9.3s)
✔ [9001/11316] Built OAI.NumberTheory.DirichletL.CubicDyadicDecay (12s)
✔ [9002/11316] Built OAI.NumberTheory.DirichletL.ResidueCharacter (6.2s)
✔ [9003/11316] Built OAI.NumberTheory.DirichletL.PeriodicThetaRegularity (4.5s)
✔ [9004/11316] Built OAI.NumberTheory.DirichletL.ContinuationShiftedGaussian (5.7s)
✔ [9005/11450] Built OAI.NumberTheory.DirichletL.Inversion.InitialMarkedReserve (2.8s)
✔ [9007/11847] Built OAI.NumberTheory.DirichletL.Detector.GramCommonSum (3.6s)
✔ [9008/11847] Built OAI.NumberTheory.DirichletL.Hecke.ThetaSeries (4.4s)
✔ [9009/11847] Built OAI.NumberTheory.DirichletL.Detector.GramCommonLinear (3.8s)
✔ [9010/11847] Built OAI.NumberTheory.DirichletL.Cusp.MatrixPhases (6.5s)
✔ [9011/11847] Built OAI.NumberTheory.DirichletL.Hecke.Family (5.0s)
✔ [9012/11847] Built OAI.NumberTheory.DirichletL.ParametersDetectorScales (13s)
✔ [9013/11847] Built WeightedQRH.HighRows.SlotLengths (10s)
✔ [9014/11847] Built OAI.NumberTheory.DirichletL.Arithmetic.EisensteinEmbedding (6.4s)
✔ [9015/11847] Built OAI.NumberTheory.DirichletL.IdealCharacter (5.1s)
⚠ [9016/11847] Built WeightedQRH.CertificateBernstein (24s)
warning: WeightedQRH/CertificateBernstein.lean:34:37: Variable name `hx0` is not explicitly referenced.

Hint: The binding can be removed (if unused) or named `_` (if used implicitly). Alternatively, prefix the name with `_` to silence this warning:
  [apply] _hx0

Note: This linter can be disabled with `set_option linter.unusedVariables false`
✔ [9017/11847] Built OAI.NumberTheory.DirichletL.Hecke.Operations (5.0s)
✔ [9018/11847] Built OAI.NumberTheory.DirichletL.Fourier.PositiveLogProfiles (6.0s)
✔ [9019/11847] Built OAI.NumberTheory.DirichletL.Hecke.Coordinates (5.7s)
✔ [9020/11847] Built OAI.NumberTheory.DirichletL.Hecke.FamilySeries (5.1s)
⚠ [9021/11847] Built ComparatorChallenges.WeightedQRHZeta (7.8s)
warning: ComparatorChallenges/WeightedQRHZeta.lean:5:8: declaration uses `sorry`
⚠ [9022/11847] Built ComparatorChallenges.WeightedQRHDirichlet (7.6s)
warning: ComparatorChallenges/WeightedQRHDirichlet.lean:8:8: declaration uses `sorry`
✔ [9023/11847] Built OAI.NumberTheory.DirichletL.RayOrthogonality (3.7s)
✔ [9024/11847] Built OAI.NumberTheory.DirichletL.ParametersCentralBudget (5.7s)
✔ [9025/11847] Built WeightedQRH.NumeratorFiniteHeight (8.3s)
✔ [9026/11847] Built OAI.NumberTheory.DirichletL.GaussSum.CubicNormalization (4.6s)
✔ [9027/11847] Built OAI.NumberTheory.DirichletL.Hecke.CharacterAnalytic (3.1s)
✔ [9028/11847] Built OAI.NumberTheory.DirichletL.ParametersHighData (1.9s)
⚠ [9029/11847] Built ComparatorChallenges.WeightedQRHHecke (9.0s)
warning: ComparatorChallenges/WeightedQRHHecke.lean:237:8: declaration uses `sorry`
✔ [9031/11847] Built OAI.NumberTheory.DirichletL.RayQuotient (2.9s)
⚠ [9032/11847] Built WeightedQRH.ExponentCertificate (6.8s)
warning: WeightedQRH/ExponentCertificate.lean:27:6: this tactic is never executed

Note: This linter can be disabled with `set_option linter.unreachableTactic false`
warning: WeightedQRH/ExponentCertificate.lean:27:6: Unused tactic linter: `ring` does nothing

Note: This linter can be disabled with `set_option linter.unusedTactic false`
warning: WeightedQRH/ExponentCertificate.lean:69:2: Used `tac1 <;> tac2` where `(tac1; tac2)` would suffice

Note: This linter can be disabled with `set_option linter.unnecessarySeqFocus false`
warning: WeightedQRH/ExponentCertificate.lean:75:2: Used `tac1 <;> tac2` where `(tac1; tac2)` would suffice

Note: This linter can be disabled with `set_option linter.unnecessarySeqFocus false`
warning: WeightedQRH/ExponentCertificate.lean:209:5: Variable name `hδ0` is not explicitly referenced.

Hint: The binding can be removed (if unused) or named `_` (if used implicitly). Alternatively, prefix the name with `_` to silence this warning:
  [apply] _hδ0

Note: This linter can be disabled with `set_option linter.unusedVariables false`
✔ [9033/11847] Built WeightedQRH.MomentData (1.7s)
✔ [9034/11847] Built OAI.NumberTheory.DirichletL.GaussSum.SexticNormalization (3.2s)
✔ [9035/11847] Built OAI.NumberTheory.DirichletL.ParametersHighDataFine (2.5s)
✔ [9036/11847] Built OAI.NumberTheory.DirichletL.GaussSum.LocalProductAssembly (2.3s)
✔ [9037/11847] Built WeightedQRH.HighRows.HighData (3.0s)
✔ [9038/11847] Built OAI.NumberTheory.DirichletL.GaussSum.RamifiedTracePhase (2.4s)
✔ [9039/11847] Built OAI.NumberTheory.DirichletL.Arithmetic.LatticeCount (3.6s)
✔ [9040/11847] Built WeightedQRH.HighRows.HighDataFine (4.8s)
✔ [9041/11847] Built OAI.NumberTheory.DirichletL.GaussSum.QuadraticTrace (2.5s)
✔ [9042/11847] Built OAI.NumberTheory.DirichletL.GaussSum.QuadraticNormalization (4.4s)
✔ [9043/11847] Built OAI.NumberTheory.DirichletL.Poisson.BinaryGaussian (6.7s)
✔ [9044/11847] Built OAI.NumberTheory.DirichletL.GaussSum.GaussianDualLimit (4.3s)
✔ [9045/11847] Built OAI.NumberTheory.DirichletL.GaussSum.GaussianFiberMass (4.7s)
✔ [9046/11847] Built OAI.NumberTheory.DirichletL.Poisson.GaussianMoments (2.8s)
✔ [9047/11847] Built OAI.NumberTheory.DirichletL.Poisson.OscillatoryGaussian (2.7s)
✔ [9048/11847] Built OAI.NumberTheory.DirichletL.PrimeRows.RationalApproximation (2.8s)
✔ [9049/11847] Built OAI.NumberTheory.DirichletL.GaussSum.AbelPhaseLimit (4.6s)
✔ [9050/11847] Built OAI.NumberTheory.DirichletL.GaussSum.ThetaLocalRows (5.4s)
✔ [9051/11847] Built OAI.NumberTheory.DirichletL.Mellin.LocalNonvanishing (2.7s)
✔ [9052/11847] Built OAI.NumberTheory.DirichletL.Arithmetic.NormFiberMellin (2.7s)
✔ [9053/11847] Built OAI.NumberTheory.DirichletL.Hecke.NormFiberCharacters (2.8s)
✔ [9054/11847] Built OAI.NumberTheory.DirichletL.Hecke.LocalEulerIdentities (2.5s)
✔ [9055/11847] Built OAI.NumberTheory.DirichletL.Hecke.PrimeExtraction (2.4s)
✔ [9056/11847] Built OAI.NumberTheory.DirichletL.Mellin.FiniteEulerRestoration (2.6s)
✔ [9057/11847] Built OAI.NumberTheory.DirichletL.PrimeRows.NormFiberExtraction (2.7s)
✔ [9058/11847] Built OAI.NumberTheory.DirichletL.Hecke.FiniteEulerFactors (2.9s)
✔ [9059/11847] Built OAI.NumberTheory.DirichletL.GaussSum.SecondPoissonScale (5.4s)
✔ [9060/11847] Built OAI.NumberTheory.DirichletL.Mellin.CompactScale (2.7s)
✔ [9061/11847] Built OAI.NumberTheory.DirichletL.Mellin.CompactWeights (2.5s)
✔ [9062/11847] Built OAI.NumberTheory.DirichletL.Poisson.EisensteinLattice (3.5s)
✔ [9063/11847] Built OAI.NumberTheory.DirichletL.GaussSum.SexticRadialPoisson (2.9s)
✔ [9064/11847] Built OAI.NumberTheory.DirichletL.PrimeRows.IdealGenerators (2.0s)
✔ [9065/11847] Built OAI.NumberTheory.DirichletL.Poisson.RadialFourier (3.8s)
✔ [9066/11847] Built OAI.NumberTheory.DirichletL.PrimeRows.ActiveGaussFactorization (2.9s)
✔ [9067/11847] Built OAI.NumberTheory.DirichletL.GaussSum.ActiveConductor (2.6s)
✔ [9068/11847] Built OAI.NumberTheory.DirichletL.GaussSum.CubicTrace (4.0s)
✔ [9069/11847] Built OAI.NumberTheory.DirichletL.GaussSum.SquarePhaseFactorization (3.3s)
✔ [9070/11847] Built OAI.NumberTheory.DirichletL.GaussSum.MixedConversion (3.8s)
✔ [9071/11847] Built OAI.NumberTheory.DirichletL.QuadraticSieve.CrossSeparation (2.6s)
✔ [9072/11847] Built OAI.NumberTheory.DirichletL.Arithmetic.IdealMobius (2.7s)
✔ [9073/11847] Built OAI.NumberTheory.DirichletL.Reciprocity.CubicJacobi (3.6s)
✔ [9074/11847] Built OAI.NumberTheory.DirichletL.GaussSum.CompletedExpansion (6.0s)
✔ [9075/11847] Built OAI.NumberTheory.DirichletL.GaussSum.RayCharacters (2.9s)
✔ [9076/11847] Built OAI.NumberTheory.DirichletL.QuadraticSieve.CoefficientCancellation (2.7s)
✔ [9077/11847] Built OAI.NumberTheory.DirichletL.QuadraticSieve.InitialBound (4.7s)
✔ [9078/11847] Built OAI.NumberTheory.DirichletL.Mellin.ReflectedKernel (2.5s)
✔ [9079/11847] Built OAI.NumberTheory.DirichletL.Arithmetic.SquarefreeDivisors (2.8s)
✔ [9080/11847] Built OAI.NumberTheory.DirichletL.CubicSieve.CubeLabels (3.2s)
✔ [9081/11847] Built OAI.NumberTheory.DirichletL.QuadraticSieve.FiniteOperator (4.1s)
✔ [9082/11847] Built OAI.NumberTheory.DirichletL.QuadraticSieve.MainTermDifference (3.1s)
✔ [9083/11847] Built OAI.NumberTheory.DirichletL.Mellin.InverseContour (3.1s)
✔ [9084/11847] Built OAI.NumberTheory.DirichletL.Mellin.UniformKernelBounds (3.2s)
✔ [9085/11847] Built OAI.NumberTheory.DirichletL.CubicSieve.CrossFactorization (2.8s)
✔ [9086/11847] Built OAI.NumberTheory.DirichletL.CubicSieve.LocalBrackets (3.9s)
✔ [9087/11847] Built OAI.NumberTheory.DirichletL.QuadraticSieve.CoprimeBilinearBound (4.2s)
✔ [9088/11847] Built OAI.NumberTheory.DirichletL.CubicSieve.RayExpansion (3.4s)
✔ [9089/11847] Built OAI.NumberTheory.DirichletL.GaussSum.ReflectionBrackets (6.7s)
✔ [9090/11847] Built OAI.NumberTheory.DirichletL.QuadraticSieve.IdealQuotients (3.5s)
✔ [9091/11847] Built OAI.NumberTheory.DirichletL.Reciprocity.RamifiedSymbol (6.5s)
✔ [9092/11847] Built OAI.NumberTheory.DirichletL.CubicSieve.KernelEnergy (3.2s)
✔ [9093/11847] Built OAI.NumberTheory.DirichletL.QuadraticSieve.DivisorBlocks (3.6s)
✔ [9094/11847] Built OAI.NumberTheory.DirichletL.Poisson.QuadraticProfiles (2.7s)
✔ [9095/11847] Built OAI.NumberTheory.DirichletL.CubicSieve.FirstPassage (2.6s)
✔ [9096/11847] Built OAI.NumberTheory.DirichletL.CubicSieve.RayCoefficients (2.6s)
✔ [9097/11847] Built OAI.NumberTheory.DirichletL.CubicSieve.SecondPoisson (2.6s)
✔ [9098/11847] Built OAI.NumberTheory.DirichletL.Eisenstein.Rows (7.7s)
✔ [9099/11847] Built OAI.NumberTheory.DirichletL.Eisenstein.HyperbolicSpace (3.8s)
✔ [9100/11847] Built OAI.NumberTheory.DirichletL.Eisenstein.PrimitiveRows (3.9s)
✔ [9101/11847] Built OAI.NumberTheory.DirichletL.Poisson.PrincipalTruncation (4.8s)
✔ [9102/11847] Built OAI.NumberTheory.DirichletL.Fourier.FrequencyTwists (2.8s)
✔ [9103/11847] Built OAI.NumberTheory.DirichletL.CubicSieve.ChildTransfer (2.8s)
✔ [9104/11847] Built OAI.NumberTheory.DirichletL.CubicSieve.IntegratedTransfer (3.0s)
✔ [9105/11847] Built OAI.NumberTheory.DirichletL.Fourier.TupleWeights (3.2s)
✔ [9106/11847] Built OAI.NumberTheory.DirichletL.CubicSieve.RowMajorants (3.2s)
✔ [9107/11847] Built OAI.NumberTheory.DirichletL.QuadraticSieve.GcdReduction (2.8s)
✔ [9108/11847] Built OAI.NumberTheory.DirichletL.Eisenstein.FourierCoefficients (2.0s)
✔ [9109/11847] Built OAI.NumberTheory.DirichletL.QuadraticSieve.PrimePools (4.4s)
✔ [9110/11847] Built OAI.NumberTheory.DirichletL.QuadraticSieve.AnnularRecursion (4.5s)
✔ [9111/11847] Built OAI.NumberTheory.DirichletL.CubicSieve.FrequencyBlocks (3.1s)
✔ [9112/11847] Built OAI.NumberTheory.DirichletL.CubicSieve.FixedProfiles (2.7s)
✔ [9113/11847] Built OAI.NumberTheory.DirichletL.Eisenstein.ConstantTermSupport (2.5s)
✔ [9114/11847] Built OAI.NumberTheory.DirichletL.QuadraticSieve.SquareParts (2.7s)
✔ [9115/11847] Built OAI.NumberTheory.DirichletL.CubicSieve.ResidualSectors (6.5s)
✔ [9116/11847] Built OAI.NumberTheory.DirichletL.QuadraticSieve.UnrestrictedCharacters (8.7s)
✔ [9117/11847] Built OAI.NumberTheory.DirichletL.CubicSieve.ConjugateProfiles (3.6s)
✔ [9118/11847] Built OAI.NumberTheory.DirichletL.Eisenstein.RamifiedNormWeights (7.2s)
✔ [9119/11847] Built OAI.NumberTheory.DirichletL.QuadraticSieve.PrincipalTruncation (2.6s)
✔ [9120/11847] Built OAI.NumberTheory.DirichletL.CubicSieve.FrequencyCutoffs (2.7s)
✔ [9121/11847] Built OAI.NumberTheory.DirichletL.Eisenstein.ConstantDirichletSeries (2.6s)
✔ [9122/11847] Built OAI.NumberTheory.DirichletL.QuadraticSieve.DyadicColumns (3.0s)
✔ [9123/11847] Built OAI.NumberTheory.DirichletL.QuadraticSieve.TruncatedSecondTransfer (2.5s)
✔ [9124/11847] Built OAI.NumberTheory.DirichletL.CubicSieve.TwistedProfiles (3.6s)
✔ [9125/11847] Built OAI.NumberTheory.DirichletL.Fourier.LogDensity (3.7s)
✔ [9126/11847] Built OAI.NumberTheory.DirichletL.CubicSieve.FirstCoreCutoff (3.5s)
✔ [9127/11847] Built OAI.NumberTheory.DirichletL.QuadraticSieve.PrincipalDifference (4.8s)
✔ [9128/11847] Built OAI.NumberTheory.DirichletL.QuadraticSieve.SpatialDerivatives (6.0s)
✔ [9129/11847] Built OAI.NumberTheory.DirichletL.Eisenstein.SmoothSummands (3.2s)
✔ [9130/11847] Built OAI.NumberTheory.DirichletL.Poisson.LatticeEnvelopes (4.0s)
✔ [9131/11847] Built OAI.NumberTheory.DirichletL.CubicSieve.SupportNorms (3.4s)
✔ [9132/11847] Built OAI.NumberTheory.DirichletL.QuadraticSieve.MiddleWindows (3.1s)
✔ [9133/11847] Built OAI.NumberTheory.DirichletL.QuadraticSieve.GreenIntegrals (4.4s)
✔ [9134/11847] Built OAI.NumberTheory.DirichletL.Eisenstein.GreenIdentity (3.0s)
✔ [9135/11847] Built OAI.NumberTheory.DirichletL.CubicSieve.LogarithmicTargets (2.6s)
✔ [9136/11847] Built OAI.NumberTheory.DirichletL.Eisenstein.CuspIntegration (3.3s)
✔ [9137/11847] Built OAI.NumberTheory.DirichletL.Eisenstein.SmoothCuspCutoffs (3.6s)
✔ [9138/11847] Built OAI.NumberTheory.DirichletL.QuadraticSieve.DualMiddleExpansion (3.3s)
✔ [9139/11847] Built OAI.NumberTheory.DirichletL.QuadraticSieve.MaskedPrincipalBounds (3.6s)
✔ [9140/11847] Built OAI.NumberTheory.DirichletL.QuadraticSieve.LogarithmicSectors (2.7s)
✔ [9141/11847] Built OAI.NumberTheory.DirichletL.Eisenstein.SeedDefects (3.9s)
✔ [9142/11847] Built OAI.NumberTheory.DirichletL.CubicSieve.SquarefreeTransfer (3.4s)
✔ [9143/11847] Built OAI.NumberTheory.DirichletL.CubicSieve.GlobalEncoding (3.2s)
✔ [9144/11847] Built OAI.NumberTheory.DirichletL.CubicSieve.PrincipalNormalization (2.7s)
✔ [9145/11847] Built OAI.NumberTheory.DirichletL.QuadraticSieve.PrincipalMajorants (3.6s)
✔ [9146/11847] Built OAI.NumberTheory.DirichletL.QuadraticSieve.RetainedDualBounds (9.0s)
✔ [9147/11847] Built OAI.NumberTheory.DirichletL.CubicSieve.PrincipalDensity (4.2s)
✔ [9148/11847] Built OAI.NumberTheory.DirichletL.QuadraticSieve.CuspCoercivity (2.7s)
✔ [9149/11847] Built OAI.NumberTheory.DirichletL.QuadraticSieve.HighKernelGeometry (7.1s)
✔ [9150/11847] Built OAI.NumberTheory.DirichletL.QuadraticSieve.CommonMasks (3.1s)
✔ [9151/11847] Built OAI.NumberTheory.DirichletL.Eisenstein.QuotientTopology (2.9s)
✔ [9152/11847] Built OAI.NumberTheory.DirichletL.CubicSieve.ScaleCaps (5.2s)
✔ [9153/11847] Built OAI.NumberTheory.DirichletL.QuadraticSieve.PoissonComparison (8.6s)
✔ [9154/11847] Built OAI.NumberTheory.DirichletL.CubicSieve.ArithmeticBins (3.4s)
✔ [9155/11847] Built OAI.NumberTheory.DirichletL.Eisenstein.HyperbolicVolume (3.7s)
✔ [9156/11847] Built OAI.NumberTheory.DirichletL.CubicSieve.UniformTransfer (3.7s)
✔ [9157/11847] Built OAI.NumberTheory.DirichletL.QuadraticSieve.GlobalBinLoss (7.0s)
✔ [9158/11847] Built OAI.NumberTheory.DirichletL.QuadraticSieve.PoissonConstants (4.7s)
✔ [9159/11847] Built OAI.NumberTheory.DirichletL.Eisenstein.FundamentalDomain (7.6s)
✔ [9160/11847] Built OAI.NumberTheory.DirichletL.GaussSum.GlobalScales (4.5s)
✔ [9161/11847] Built OAI.NumberTheory.DirichletL.QuadraticSieve.AnnularLifting (6.6s)
✔ [9162/11847] Built OAI.NumberTheory.DirichletL.QuadraticSieve.SelectedExponents (8.8s)
✔ [9163/11847] Built OAI.NumberTheory.DirichletL.Eisenstein.CompactProfiles (3.8s)
✔ [9164/11847] Built OAI.NumberTheory.DirichletL.QuadraticSieve.LogarithmicLoss (5.5s)
✔ [9165/11847] Built OAI.NumberTheory.DirichletL.CubicSieve.LiteralSources (3.5s)
✔ [9166/11847] Built OAI.NumberTheory.DirichletL.CubicSieve.PooledRows (2.5s)
✔ [9167/11847] Built OAI.NumberTheory.DirichletL.MeanSquare.TransformedColumns (2.5s)
✔ [9168/11847] Built OAI.NumberTheory.DirichletL.QuadraticSieve.ProductColumns (4.6s)
✔ [9169/11847] Built OAI.NumberTheory.DirichletL.QuadraticSieve.UniformTailBounds (4.0s)
✔ [9170/11847] Built OAI.NumberTheory.DirichletL.CubicSieve.CubeBlocks (3.2s)
✔ [9171/11847] Built OAI.NumberTheory.DirichletL.GaussSum.PowerfulParts (2.8s)
✔ [9172/11847] Built OAI.NumberTheory.DirichletL.MeanSquare.SourceTransfer (4.3s)
✔ [9173/11847] Built OAI.NumberTheory.DirichletL.MeanSquare.LogarithmicBins (2.9s)
✔ [9174/11847] Built OAI.NumberTheory.DirichletL.CubicSieve.RowCaps (2.5s)
✔ [9175/11847] Built OAI.NumberTheory.DirichletL.Eisenstein.SmoothTests (2.9s)
✔ [9176/11847] Built OAI.NumberTheory.DirichletL.CubicSieve.DivisorTargets (4.4s)
✔ [9177/11847] Built OAI.NumberTheory.DirichletL.CubicSieve.NormalizedMass (3.5s)
✔ [9178/11847] Built OAI.NumberTheory.DirichletL.GaussSum.ReflectedBranches (2.8s)
✔ [9179/11847] Built OAI.NumberTheory.DirichletL.Eisenstein.DirichletForm (2.0s)
✔ [9180/11847] Built OAI.NumberTheory.DirichletL.Eisenstein.CuspHeight (2.9s)
✔ [9181/11847] Built OAI.NumberTheory.DirichletL.MeanSquare.InputEnergy (3.2s)
✔ [9182/11847] Built OAI.NumberTheory.DirichletL.MeanSquare.OutsideIdeals (2.7s)
✔ [9183/11847] Built OAI.NumberTheory.DirichletL.CubicSieve.QuantitativePassage (2.9s)
✔ [9184/11847] Built OAI.NumberTheory.DirichletL.MeanSquare.PoissonSource (3.1s)
✔ [9185/11847] Built OAI.NumberTheory.DirichletL.CubicSieve.DyadicKernel (3.0s)
✔ [9186/11847] Built OAI.NumberTheory.DirichletL.CubicSieve.RadialWindows (3.4s)
✔ [9187/11847] Built OAI.NumberTheory.DirichletL.MeanSquare.ReflectedDyadicSeries (2.7s)
✔ [9188/11847] Built OAI.NumberTheory.DirichletL.GaussSum.BranchScaling (2.6s)
✔ [9189/11847] Built OAI.NumberTheory.DirichletL.Eisenstein.LocalCutoffs (3.3s)
✔ [9190/11847] Built OAI.NumberTheory.DirichletL.MeanSquare.HarmonicAggregation (3.3s)
✔ [9191/11847] Built OAI.NumberTheory.DirichletL.GaussSum.CompletedDyadicRows (2.8s)
✔ [9192/11847] Built OAI.NumberTheory.DirichletL.CubicSieve.PaddedPassage (5.3s)
✔ [9193/11847] Built OAI.NumberTheory.DirichletL.MeanSquare.DiagonalDensity (3.0s)
✔ [9194/11847] Built OAI.NumberTheory.DirichletL.MeanSquare.HighRadialBounds (3.3s)
✔ [9195/11847] Built OAI.NumberTheory.DirichletL.Eisenstein.VariationalLaplacian (4.2s)
✔ [9196/11847] Built OAI.NumberTheory.DirichletL.MeanSquare.SourceRemainders (3.2s)
✔ [9197/11847] Built OAI.NumberTheory.DirichletL.CubicSieve.DualZeroMode (4.3s)
✔ [9198/11847] Built OAI.NumberTheory.DirichletL.MeanSquare.CanonicalDensity (2.9s)
✔ [9199/11847] Built OAI.NumberTheory.DirichletL.MeanSquare.RetainedDensity (2.5s)
✔ [9200/11847] Built OAI.NumberTheory.DirichletL.MeanSquare.CanonicalTailBounds (3.5s)
✔ [9201/11847] Built OAI.NumberTheory.DirichletL.CubicSieve.ReopenedFibers (5.5s)
✔ [9202/11847] Built OAI.NumberTheory.DirichletL.CubicSieve.ReopeningSeparation (3.4s)
✔ [9203/11847] Built OAI.NumberTheory.DirichletL.Eisenstein.CompactEnergyFamilies (5.9s)
✔ [9204/11847] Built OAI.NumberTheory.DirichletL.RowCompletion.SupportBounds (3.3s)
✔ [9205/11847] Built OAI.NumberTheory.DirichletL.CubicSieve.RadialProfiles (5.8s)
✔ [9206/11847] Built OAI.NumberTheory.DirichletL.CubicSieve.LogSeparation (5.6s)
✔ [9207/11847] Built OAI.NumberTheory.DirichletL.CubicSieve.CanonicalLogEnergy (3.6s)
✔ [9208/11847] Built OAI.NumberTheory.DirichletL.RowCompletion.PolynomialHeight (3.5s)
✔ [9209/11847] Built OAI.NumberTheory.DirichletL.MeanSquare.PolynomialHeight (2.6s)
✔ [9210/11847] Built OAI.NumberTheory.DirichletL.Eisenstein.CoordinateLaplacian (2.9s)
✔ [9211/11847] Built OAI.NumberTheory.DirichletL.CubicSieve.DensityBudgets (2.8s)
✔ [9212/11847] Built OAI.NumberTheory.DirichletL.CubicSieve.RankMargins (3.9s)
✔ [9213/11847] Built OAI.NumberTheory.DirichletL.MeanSquare.UniformPolynomialHeight (4.2s)
✔ [9214/11847] Built OAI.NumberTheory.DirichletL.MeanSquare.UnitRows (3.1s)
✔ [9215/11847] Built OAI.NumberTheory.DirichletL.Eisenstein.BarrierPotential (3.5s)
✔ [9216/11847] Built OAI.NumberTheory.DirichletL.CubicSieve.CutoffOrders (4.0s)
✔ [9217/11847] Built OAI.NumberTheory.DirichletL.CubicSieve.ReopeningBounds (4.1s)
✔ [9218/11847] Built OAI.NumberTheory.DirichletL.CubicSieve.ClosedRecursion (4.9s)
✔ [9219/11847] Built OAI.NumberTheory.DirichletL.Eisenstein.FredholmAlternative (6.1s)
✔ [9220/11847] Built OAI.NumberTheory.DirichletL.Eisenstein.UnitNormalization (4.5s)
✔ [9221/11847] Built OAI.NumberTheory.DirichletL.RowCompletion.CompletedEnergy (3.6s)
✔ [9222/11847] Built OAI.NumberTheory.DirichletL.RowCompletion.CubicReopening (4.4s)
✔ [9223/11847] Built OAI.NumberTheory.DirichletL.Eisenstein.MeromorphicResolvent (12s)
✔ [9224/11847] Built OAI.NumberTheory.DirichletL.Eisenstein.SeedHeight (3.3s)
✔ [9225/11847] Built OAI.NumberTheory.DirichletL.RowCompletion.DensityTransfer (6.8s)
✔ [9226/11847] Built OAI.NumberTheory.DirichletL.Eisenstein.CuspResidues (4.8s)
✔ [9227/11847] Built OAI.NumberTheory.DirichletL.RowCompletion.InitialDensity (5.7s)
✔ [9228/11847] Built OAI.NumberTheory.DirichletL.MeanSquare.ThetaDensity (3.4s)
✔ [9229/11847] Built OAI.NumberTheory.DirichletL.Mellin.SixthPowerAverage (2.8s)
✔ [9230/11847] Built OAI.NumberTheory.DirichletL.Hecke.MobiusEulerCorrection (4.9s)
✔ [9231/11847] Built OAI.NumberTheory.DirichletL.RowCompletion.ThetaNonvanishing (4.3s)
✔ [9232/11847] Built OAI.NumberTheory.DirichletL.Eisenstein.CutoffApproximation (4.6s)
✔ [9233/11847] Built OAI.NumberTheory.DirichletL.Eisenstein.ConjugateLevelAction (14s)
✔ [9234/11847] Built OAI.NumberTheory.DirichletL.Eisenstein.ScatteringCoefficients (3.5s)
✔ [9235/11847] Built OAI.NumberTheory.DirichletL.Eisenstein.WhittakerContinuation (3.1s)
✔ [9236/11847] Built OAI.NumberTheory.DirichletL.Reciprocity.KubotaCharacter (3.4s)
✔ [9237/11847] Built OAI.NumberTheory.DirichletL.Eisenstein.GaussFactorization (6.3s)
✔ [9238/11847] Built OAI.NumberTheory.DirichletL.Eisenstein.ResidualFourierBounds (4.5s)
✔ [9239/11847] Built OAI.NumberTheory.DirichletL.Eisenstein.ResidualFourierSeries (3.4s)
✔ [9240/11847] Built OAI.NumberTheory.DirichletL.Eisenstein.RamifiedGaussSeries (8.3s)
✔ [9241/11847] Built OAI.NumberTheory.DirichletL.Eisenstein.SourceProjection (4.2s)
✔ [9242/11847] Built OAI.NumberTheory.DirichletL.Eisenstein.SourceQuotient (3.6s)
✔ [9243/11847] Built OAI.NumberTheory.DirichletL.Eisenstein.ScatteringResidues (7.6s)
✔ [9244/11847] Built OAI.NumberTheory.DirichletL.Eisenstein.OppositeCusp (7.7s)
✔ [9245/11847] Built OAI.NumberTheory.DirichletL.Eisenstein.ResidualFourierExpansion (2.9s)
✔ [9246/11847] Built OAI.NumberTheory.DirichletL.Eisenstein.RationalTranslations (3.8s)
✔ [9247/11847] Built OAI.NumberTheory.DirichletL.Eisenstein.ArbitraryCuspPullback (6.3s)
✔ [9248/11847] Built OAI.NumberTheory.DirichletL.Eisenstein.CuspAverage (3.6s)
✔ [9249/11847] Built OAI.NumberTheory.DirichletL.Eisenstein.CuspDilation (3.5s)
✔ [9250/11847] Built OAI.NumberTheory.DirichletL.Eisenstein.TranslatedFourierResidues (3.3s)
✔ [9251/11847] Built OAI.NumberTheory.DirichletL.Eisenstein.BesselMellinTransform (3.8s)
✔ [9252/11847] Built OAI.NumberTheory.DirichletL.Mellin.VerticalContourShift (3.8s)
✔ [9253/11847] Built OAI.NumberTheory.DirichletL.Eisenstein.ResidualCuspDecay (8.0s)
✔ [9254/11847] Built OAI.NumberTheory.DirichletL.Eisenstein.PrimePowerGaussSums (9.4s)
✔ [9255/11847] Built OAI.NumberTheory.DirichletL.Eisenstein.SourceBesselExpansion (7.0s)
✔ [9256/11847] Built OAI.NumberTheory.DirichletL.Eisenstein.BesselDerivatives (9.2s)
✔ [9257/11847] Built OAI.NumberTheory.DirichletL.Eisenstein.InverseCuspCoordinates (5.6s)
✔ [9258/11847] Built OAI.NumberTheory.DirichletL.Eisenstein.ReflectedCuspMellin (3.3s)
✔ [9259/11847] Built OAI.NumberTheory.DirichletL.Reciprocity.CubeCorrespondence (3.8s)
✔ [9260/11847] Built OAI.NumberTheory.DirichletL.Eisenstein.ConjugateCuspProfiles (3.7s)
✔ [9261/11847] Built OAI.NumberTheory.DirichletL.Cusp.ResiduesModThree (6.2s)
✔ [9262/11847] Built OAI.NumberTheory.DirichletL.Reciprocity.PrimaryCongruences (4.1s)
✔ [9263/11847] Built OAI.NumberTheory.DirichletL.Eisenstein.CubeResidueStrata (4.2s)
✔ [9264/11847] Built OAI.NumberTheory.DirichletL.Reciprocity.RamifiedCuspPhases (3.0s)
✔ [9265/11847] Built OAI.NumberTheory.DirichletL.Eisenstein.AffineCuspFourier (4.1s)
✔ [9266/11847] Built OAI.NumberTheory.DirichletL.Eisenstein.IntegralCover (4.2s)
✔ [9267/11847] Built OAI.NumberTheory.DirichletL.Eisenstein.CoverTrace (3.7s)
✔ [9268/11847] Built OAI.NumberTheory.DirichletL.Eisenstein.CubeCuspAverage (4.2s)
✔ [9269/11847] Built OAI.NumberTheory.DirichletL.Eisenstein.InverseCorrespondence (3.3s)
✔ [9270/11847] Built OAI.NumberTheory.DirichletL.Eisenstein.CorrespondenceTests (4.5s)
✔ [9271/11847] Built OAI.NumberTheory.DirichletL.Eisenstein.CorrespondencePullback (3.9s)
✔ [9272/11847] Built OAI.NumberTheory.DirichletL.Eisenstein.RamifiedSixBranches (4.8s)
✔ [9273/11847] Built OAI.NumberTheory.DirichletL.Eisenstein.CorrespondenceAdjoint (4.2s)
✔ [9274/11847] Built OAI.NumberTheory.DirichletL.Eisenstein.CorrespondenceEnergy (4.4s)
✔ [9275/11847] Built OAI.NumberTheory.DirichletL.Eisenstein.CubeEigenrelation (4.1s)
✔ [9276/11847] Built OAI.NumberTheory.DirichletL.Eisenstein.ResidualOrthogonality (4.0s)
✔ [9277/11847] Built OAI.NumberTheory.DirichletL.Eisenstein.PrimeRecurrence (3.6s)
✔ [9278/11847] Built OAI.NumberTheory.DirichletL.Eisenstein.PrimeGaussFactors (3.9s)
✔ [9279/11847] Built OAI.NumberTheory.DirichletL.Eisenstein.SquarefreeCoefficients (3.8s)
✔ [9280/11847] Built OAI.NumberTheory.DirichletL.Eisenstein.SourceMellinInversion (3.3s)
✔ [9281/11847] Built OAI.NumberTheory.DirichletL.GaussSum.BesselReflection (3.3s)
✔ [9282/11847] Built OAI.NumberTheory.DirichletL.GaussSum.DualKernelSummability (4.5s)
✔ [9283/11847] Built OAI.NumberTheory.DirichletL.GaussSum.MellinSupport (3.6s)
✔ [9284/11847] Built OAI.NumberTheory.DirichletL.GaussSum.FiniteTranslations (3.5s)
✔ [9285/11847] Built OAI.NumberTheory.DirichletL.Eisenstein.RamifiedTransform (4.5s)
✔ [9286/11847] Built OAI.NumberTheory.DirichletL.Eisenstein.EntireMellinProfile (4.6s)
✔ [9287/11847] Built OAI.NumberTheory.DirichletL.Eisenstein.RamifiedValuation (4.2s)
✔ [9288/11847] Built OAI.NumberTheory.DirichletL.Eisenstein.SourceCuspKernels (3.0s)
✔ [9289/11847] Built OAI.NumberTheory.DirichletL.Eisenstein.FullFrequencyExpansion (3.1s)
✔ [9290/11847] Built OAI.NumberTheory.DirichletL.Eisenstein.FixedCuspArrays (3.6s)
✔ [9291/11847] Built OAI.NumberTheory.DirichletL.Cusp.WeylRepresentatives (3.8s)
✔ [9292/11847] Built OAI.NumberTheory.DirichletL.ChineseRemainder.PrimaryCompletions (3.1s)
✔ [9293/11847] Built OAI.NumberTheory.DirichletL.Cusp.ResiduePhases (3.4s)
✔ [9294/11847] Built OAI.NumberTheory.DirichletL.ChineseRemainder.FrequencyLifts (3.6s)
✔ [9295/11847] Built OAI.NumberTheory.DirichletL.RowCompletion.PeriodicRows (2.8s)
✔ [9296/11847] Built OAI.NumberTheory.DirichletL.GaussSum.ReflectionPool (4.8s)
✔ [9297/11847] Built OAI.NumberTheory.DirichletL.Eisenstein.FixedConductor (3.1s)
✔ [9298/11847] Built OAI.NumberTheory.DirichletL.RowCompletion.FixedCuspBranches (2.9s)
✔ [9299/11847] Built OAI.NumberTheory.DirichletL.Cusp.StaticReflectionPhases (3.6s)
✔ [9300/11847] Built OAI.NumberTheory.DirichletL.Eisenstein.FixedFrequencyExpansion (3.2s)
✔ [9301/11847] Built OAI.NumberTheory.DirichletL.Eisenstein.FixedThetaTwists (3.7s)
✔ [9302/11847] Built OAI.NumberTheory.DirichletL.GaussSum.FixedRayFibers (3.0s)
✔ [9303/11847] Built OAI.NumberTheory.DirichletL.Eisenstein.ReflectionFibers (2.8s)
✔ [9304/11847] Built OAI.NumberTheory.DirichletL.RowCompletion.ControlledPrimeStrata (3.7s)
✔ [9305/11847] Built OAI.NumberTheory.DirichletL.RowCompletion.FreePrimePools (10s)
✔ [9306/11847] Built OAI.NumberTheory.DirichletL.GaussSum.ResidualEquivalence (6.4s)
✔ [9307/11847] Built OAI.NumberTheory.DirichletL.RowCompletion.RowAmplitudes (3.0s)
✔ [9308/11847] Built OAI.NumberTheory.DirichletL.GaussSum.ActiveReindexing (35s)
✔ [9309/11847] Built OAI.NumberTheory.DirichletL.RowCompletion.ReflectedFibers (5.4s)
✔ [9310/11847] Built OAI.NumberTheory.DirichletL.RowCompletion.BranchDecoding (3.9s)
✔ [9311/11847] Built OAI.NumberTheory.DirichletL.RowCompletion.ZeroFreeRegion (2.2s)
✔ [9312/11847] Built OAI.NumberTheory.DirichletL.Foundation (1.9s)
✔ [9313/11847] Built OAI.NumberTheory.DirichletL.Inversion.InitialFibers (6.7s)
✔ [9314/11847] Built OAI.NumberTheory.DirichletL.Descent.ChildCutoff (6.8s)
✔ [9315/11847] Built OAI.NumberTheory.DirichletL.Descent.DescentProfiles (7.1s)
✔ [9316/11847] Built OAI.NumberTheory.DirichletL.Descent.Poisson (7.5s)
✔ [9317/11847] Built OAI.NumberTheory.DirichletL.Inversion.CanonicalReferenceThreshold (7.7s)
✔ [9318/11847] Built OAI.NumberTheory.DirichletL.CompactProfileFamily (7.8s)
✔ [9319/11847] Built OAI.NumberTheory.DirichletL.Detector.GramIdealSummation (7.9s)
✔ [9320/11847] Built OAI.NumberTheory.DirichletL.Descent.Widths (7.0s)
✔ [9321/11847] Built OAI.NumberTheory.DirichletL.Inversion.InitialOverlap (8.3s)
✔ [9322/11847] Built OAI.NumberTheory.DirichletL.Inversion.KernelSourceUniform (10s)
✔ [9323/11847] Built OAI.NumberTheory.DirichletL.ParametersProbeWindows (10s)
✔ [9324/11847] Built OAI.NumberTheory.DirichletL.Hecke.DetectorProfiles (5.3s)
✔ [9325/11847] Built OAI.NumberTheory.DirichletL.Moments.Lattice (5.4s)
✔ [9326/11847] Built OAI.NumberTheory.DirichletL.Hecke.IdealBridge (4.7s)
✔ [9327/11847] Built OAI.NumberTheory.DirichletL.TraceCharacter (5.2s)
✔ [9328/11847] Built OAI.NumberTheory.DirichletL.Descent.IdealMasks (5.1s)
✔ [9329/11847] Built OAI.NumberTheory.DirichletL.Detector.GramLatticeDecay (13s)
✔ [9330/11847] Built OAI.NumberTheory.DirichletL.CenteredExceptionalCount (6.3s)
✔ [9331/11847] Built OAI.NumberTheory.DirichletL.IdealEuler (6.2s)
✔ [9332/11847] Built OAI.NumberTheory.DirichletL.CubicSieve.Poisson (6.4s)
✔ [9333/11847] Built OAI.NumberTheory.DirichletL.CubicSieve.Ideal (5.5s)
✔ [9334/11847] Built OAI.NumberTheory.DirichletL.Detector.PrimePower (5.7s)
✔ [9335/11847] Built OAI.NumberTheory.DirichletL.Detector.RadialMellin (8.5s)
✔ [9336/11847] Built OAI.NumberTheory.DirichletL.Moments.Canonical (5.4s)
✔ [9337/11847] Built OAI.NumberTheory.DirichletL.Detector.Phase (5.3s)
✔ [9338/11847] Built OAI.NumberTheory.DirichletL.Moments.Mask (5.8s)
✔ [9339/11847] Built OAI.NumberTheory.DirichletL.Descent.ActualProfiles (4.8s)
✔ [9340/11847] Built OAI.NumberTheory.DirichletL.Descent.DescentHeight (5.0s)
✔ [9341/11847] Built OAI.NumberTheory.DirichletL.Inversion.InitialOverlapFourier (5.5s)
✔ [9342/11847] Built OAI.NumberTheory.DirichletL.Inversion.SecondFibers (6.0s)
✔ [9343/11847] Built OAI.NumberTheory.DirichletL.PrimeLogProfile (5.7s)
✔ [9344/11847] Built OAI.NumberTheory.DirichletL.Inversion.TerminalWidths (6.2s)
✔ [9345/11847] Built OAI.NumberTheory.DirichletL.Inversion.InitialExcludedSource (5.3s)
✔ [9346/11847] Built OAI.NumberTheory.DirichletL.Hecke.DetectorProfilesBounds (5.1s)
✔ [9347/11847] Built OAI.NumberTheory.DirichletL.Inversion.InitialPoissonBridge (5.9s)
✔ [9348/11847] Built OAI.NumberTheory.DirichletL.Moments.Primary (4.7s)
✔ [9349/11847] Built OAI.NumberTheory.DirichletL.Hecke.IdealOperations (4.8s)
✔ [9350/11847] Built OAI.NumberTheory.DirichletL.Descent.MarkBounds (5.0s)
✔ [9351/11847] Built OAI.NumberTheory.DirichletL.Descent.Quadratic (5.7s)
✔ [9352/11847] Built OAI.NumberTheory.DirichletL.Descent.Decomposition (5.3s)
✔ [9353/11847] Built OAI.NumberTheory.DirichletL.GaussianTheta (7.2s)
✔ [9354/11847] Built OAI.NumberTheory.DirichletL.Detector.GramAnnularLattice (5.5s)
✔ [9355/11847] Built OAI.NumberTheory.DirichletL.Hecke.Euler (4.5s)
✔ [9356/11847] Built OAI.NumberTheory.DirichletL.Detector.LowGramExceptional (5.0s)
✔ [9357/11847] Built OAI.NumberTheory.DirichletL.UnitSexticWitness (4.8s)
✔ [9358/11847] Built OAI.NumberTheory.DirichletL.IdealMangoldt (4.9s)
✔ [9359/11847] Built OAI.NumberTheory.DirichletL.CubicSieve.Initial (5.8s)
✔ [9360/11847] Built OAI.NumberTheory.DirichletL.Detector.GaussValuation (4.6s)
✔ [9361/11847] Built OAI.NumberTheory.DirichletL.Hecke.Boundary (6.3s)
✔ [9362/11847] Built OAI.NumberTheory.DirichletL.Detector.GramLocalExtension (4.9s)
✔ [9363/11847] Built OAI.NumberTheory.DirichletL.Descent.Hybrid (5.5s)
✔ [9364/11847] Built OAI.NumberTheory.DirichletL.Hecke.LocalRamification (4.5s)
✔ [9365/11847] Built OAI.NumberTheory.DirichletL.Descent.Completion (11s)
✔ [9366/11847] Built OAI.NumberTheory.DirichletL.Detector.Completed (4.7s)
✔ [9367/11847] Built OAI.NumberTheory.DirichletL.Detector.PhaseCancellation (4.5s)
✔ [9368/11847] Built OAI.NumberTheory.DirichletL.Descent.WindowFourier (4.6s)
✔ [9369/11847] Built OAI.NumberTheory.DirichletL.Moments.CommonSupport (5.0s)
✔ [9370/11847] Built OAI.NumberTheory.DirichletL.Inversion.ClippingProfiles (4.0s)
✔ [9371/11847] Built OAI.NumberTheory.DirichletL.Detector.LowReflectedExponent (4.5s)
✔ [9372/11847] Built OAI.NumberTheory.DirichletL.Moments.Counting (4.9s)
✔ [9373/11847] Built OAI.NumberTheory.DirichletL.Hecke.DetectorProfilesUniform (4.9s)
✔ [9374/11847] Built OAI.NumberTheory.DirichletL.Hecke.RowClosure (5.6s)
✔ [9375/11847] Built OAI.NumberTheory.DirichletL.ThetaRegularity (4.4s)
✔ [9376/11847] Built OAI.NumberTheory.DirichletL.Hecke.Primitive (4.0s)
✔ [9377/11847] Built OAI.NumberTheory.DirichletL.Descent.SecondTailCost (6.8s)
✔ [9378/11847] Built OAI.NumberTheory.DirichletL.Hecke.Conjugation (4.4s)
✔ [9379/11847] Built OAI.NumberTheory.DirichletL.Inversion.PrincipalEnergy (6.7s)
✔ [9380/11847] Built OAI.NumberTheory.DirichletL.Detector.GramJointConstruction (5.7s)
✔ [9381/11847] Built OAI.NumberTheory.DirichletL.Hecke.ZeroSupremum (4.6s)
✔ [9382/11847] Built OAI.NumberTheory.DirichletL.Hecke.Dirichlet (5.2s)
✔ [9383/11847] Built OAI.NumberTheory.DirichletL.Hecke.DetectorWitnessArithmetic (5.0s)
✔ [9384/11847] Built OAI.NumberTheory.DirichletL.Descent.FirstWholeTail (8.6s)
✔ [9385/11847] Built OAI.NumberTheory.DirichletL.PrimeCounting.IdealPrimeMass (4.8s)
✔ [9386/11847] Built OAI.NumberTheory.DirichletL.Detector.GramFrequencySummation (5.6s)
✔ [9387/11847] Built OAI.NumberTheory.DirichletL.IdealLogDerivative (5.3s)
✔ [9388/11847] Built OAI.NumberTheory.DirichletL.Detector.Sextic (4.7s)
✔ [9389/11847] Built OAI.NumberTheory.DirichletL.Hecke.BoundaryIntegration (4.5s)
✔ [9390/11847] Built OAI.NumberTheory.DirichletL.CubicSieve.Norm (5.4s)
✔ [9391/11847] Built OAI.NumberTheory.DirichletL.Hecke.EulerLog (6.2s)
✔ [9392/11847] Built OAI.NumberTheory.DirichletL.Descent.Reconstruction (4.9s)
✔ [9393/11847] Built OAI.NumberTheory.DirichletL.Descent.HybridReduction (5.4s)
✔ [9394/11847] Built OAI.NumberTheory.DirichletL.Descent.Canonical (5.7s)
✔ [9395/11847] Built OAI.NumberTheory.DirichletL.Descent.ReopenedSource (5.7s)
✔ [9396/11847] Built OAI.NumberTheory.DirichletL.Descent.MarkedFourier (5.1s)
✔ [9397/11847] Built OAI.NumberTheory.DirichletL.Detector.Row (5.1s)
✔ [9398/11847] Built OAI.NumberTheory.DirichletL.Descent.RootWindows (4.7s)
✔ [9399/11847] Built OAI.NumberTheory.DirichletL.Moments.SupportedCorrelation (5.2s)
✔ [9400/11847] Built OAI.NumberTheory.DirichletL.Moments.Twist (4.2s)
✔ [9401/11847] Built OAI.NumberTheory.DirichletL.Hecke.DetectorFourier (4.5s)
✔ [9402/11847] Built OAI.NumberTheory.DirichletL.Detector.LowReflectedLength (6.4s)
✔ [9403/11847] Built OAI.NumberTheory.DirichletL.Hecke.ExceptionalRows (4.4s)
✔ [9404/11847] Built OAI.NumberTheory.DirichletL.Descent.SecondWholeTail (4.3s)
✔ [9405/11847] Built OAI.NumberTheory.DirichletL.Hecke.Strip (5.7s)
✔ [9406/11847] Built OAI.NumberTheory.DirichletL.Descent.PrincipalChild (4.6s)
✔ [9407/11847] Built OAI.NumberTheory.DirichletL.Hecke.Reciprocal (4.7s)
✔ [9408/11847] Built OAI.NumberTheory.DirichletL.Hecke.DetectorTail (5.6s)
✔ [9409/11847] Built OAI.NumberTheory.DirichletL.Descent.CompletionSplit (13s)
✔ [9410/11847] Built OAI.NumberTheory.DirichletL.Hecke.DetectorPartition (6.2s)
✔ [9411/11847] Built OAI.NumberTheory.DirichletL.Detector.PrimePhase (5.3s)
✔ [9412/11847] Built OAI.NumberTheory.DirichletL.Detector.CongruenceScalar (4.9s)
✔ [9413/11847] Built OAI.NumberTheory.DirichletL.PrimeCounting.RayAsymptotic (5.8s)
✔ [9414/11847] Built OAI.NumberTheory.DirichletL.Detector.GramPeriodicPoisson (22s)
✔ [9415/11847] Built OAI.NumberTheory.DirichletL.PrimeCounting.AnnularPrimeMass (6.8s)
✔ [9416/11847] Built OAI.NumberTheory.DirichletL.CubicSieve.Extraction (4.9s)
✔ [9417/11847] Built OAI.NumberTheory.DirichletL.Detector.GramJointProfile (9.4s)
✔ [9418/11847] Built OAI.NumberTheory.DirichletL.Hecke.DetectorZeros (5.6s)
✔ [9419/11847] Built OAI.NumberTheory.DirichletL.Descent.Dyadic (5.4s)
✔ [9420/11847] Built OAI.NumberTheory.DirichletL.Descent.GeneratorTransport (4.7s)
✔ [9421/11847] Built OAI.NumberTheory.DirichletL.Descent.ReopenedBlocks (4.9s)
✔ [9422/11847] Built OAI.NumberTheory.DirichletL.Descent.ReopenedMarks (4.7s)
✔ [9423/11847] Built OAI.NumberTheory.DirichletL.Descent.MarkedStratum (4.8s)
✔ [9424/11847] Built OAI.NumberTheory.DirichletL.Descent.MarkedTwists (4.8s)
✔ [9425/11847] Built OAI.NumberTheory.DirichletL.Detector.EulerCoordinates (4.7s)
✔ [9426/11847] Built OAI.NumberTheory.DirichletL.Detector.Physical (4.0s)
✔ [9427/11847] Built OAI.NumberTheory.DirichletL.Detector.RowAnalytic (4.8s)
✔ [9428/11847] Built OAI.NumberTheory.DirichletL.Descent.FullProfile (4.6s)
✔ [9429/11847] Built OAI.NumberTheory.DirichletL.Detector.GramCommonActual (4.8s)
✔ [9430/11847] Built OAI.NumberTheory.DirichletL.Moments.MobiusRegroup (4.7s)
✔ [9431/11847] Built OAI.NumberTheory.DirichletL.Moments.FixedRay (5.4s)
✔ [9432/11847] Built OAI.NumberTheory.DirichletL.Moments.Support (4.9s)
✔ [9433/11847] Built OAI.NumberTheory.DirichletL.Moments.Height (4.7s)
✔ [9434/11847] Built OAI.NumberTheory.DirichletL.Hecke.DetectorFourierSeparation (4.9s)
✔ [9435/11847] Built OAI.NumberTheory.DirichletL.Descent.SecondWholeCutoff (4.9s)
✔ [9436/11847] Built OAI.NumberTheory.DirichletL.Hecke.ReciprocalBound (4.0s)
✔ [9437/11847] Built OAI.NumberTheory.DirichletL.Hecke.RowNonprincipal (5.6s)
✔ [9438/11847] Built OAI.NumberTheory.DirichletL.Hecke.FiniteDeletion (5.5s)
✔ [9439/11847] Built OAI.NumberTheory.DirichletL.Hecke.Origin (5.6s)
✔ [9440/11847] Built WeightedQRH.LowDetector.LowReflectedLength (7.9s)
✔ [9441/11847] Built OAI.NumberTheory.DirichletL.Hecke.DetectorFinite (6.4s)
✔ [9442/11847] Built OAI.NumberTheory.DirichletL.Detector.PrimeConstants (6.7s)
✔ [9443/11847] Built OAI.NumberTheory.DirichletL.Detector.PhasePowers (6.6s)
✔ [9444/11847] Built OAI.NumberTheory.DirichletL.Detector.LiftedFourier (6.9s)
✔ [9445/11847] Built OAI.NumberTheory.DirichletL.Descent.Grid (6.0s)
✔ [9446/11847] Built OAI.NumberTheory.DirichletL.Descent.MarkedReflection (6.5s)
✔ [9447/11847] Built OAI.NumberTheory.DirichletL.Reflection.PowerfulBudget (7.2s)
✔ [9448/11847] Built OAI.NumberTheory.DirichletL.Detector.MellinScaling (5.9s)
✔ [9449/11847] Built OAI.NumberTheory.DirichletL.Detector.LowRow (5.2s)
✔ [9450/11847] Built OAI.NumberTheory.DirichletL.Detector.Windows (4.8s)
✔ [9451/11847] Built OAI.NumberTheory.DirichletL.CubicSieve.Elements (8.8s)
✔ [9452/11847] Built OAI.NumberTheory.DirichletL.Detector.PhysicalAnalytic (4.3s)
✔ [9453/11847] Built OAI.NumberTheory.DirichletL.Descent.CompletionSupport (13s)
✔ [9454/11847] Built OAI.NumberTheory.DirichletL.Detector.Calibration (5.4s)
✔ [9455/11847] Built OAI.NumberTheory.DirichletL.Detector.RowInterchange (4.5s)
✔ [9456/11847] Built OAI.NumberTheory.DirichletL.Inversion.AmbientProfileTower (4.9s)
✔ [9457/11847] Built OAI.NumberTheory.DirichletL.Descent.ProfileIntegral (4.4s)
✔ [9458/11847] Built OAI.NumberTheory.DirichletL.Descent.FirstProfileIdentity (5.0s)
✔ [9459/11847] Built OAI.NumberTheory.DirichletL.Detector.GramCommonPhase (4.7s)
✔ [9460/11847] Built OAI.NumberTheory.DirichletL.Moments.PrimaryCharacter (4.9s)
✔ [9461/11847] Built OAI.NumberTheory.DirichletL.Moments.Fourier (4.9s)
✔ [9462/11847] Built OAI.NumberTheory.DirichletL.Moments.Rectangle (4.3s)
✔ [9463/11847] Built OAI.NumberTheory.DirichletL.Detector.EulerRegion (12s)
✔ [9464/11847] Built OAI.NumberTheory.DirichletL.Hecke.DetectorFourierActual (5.1s)
✔ [9465/11847] Built OAI.NumberTheory.DirichletL.Hecke.StripActual (4.9s)
✔ [9466/11847] Built OAI.NumberTheory.DirichletL.Hecke.DetectorFourierWitness (6.6s)
✔ [9467/11847] Built OAI.NumberTheory.DirichletL.Hecke.Dyadic (4.6s)
✔ [9468/11847] Built OAI.NumberTheory.DirichletL.Hecke.Signal (5.1s)
✔ [9469/11847] Built OAI.NumberTheory.DirichletL.Descent.SecondCorrelatedCutoff (6.9s)
✔ [9470/11847] Built OAI.NumberTheory.DirichletL.Hecke.ModulusRefinement (4.7s)
✔ [9471/11847] Built OAI.NumberTheory.DirichletL.Descent.SecondProfileIdentity (10s)
✔ [9472/11847] Built OAI.NumberTheory.DirichletL.Hecke.UnitRows (4.0s)
✔ [9473/11847] Built OAI.NumberTheory.DirichletL.Hecke.PrimitiveSupremum (4.8s)
✔ [9474/11847] Built OAI.NumberTheory.DirichletL.CenteredExceptionalProfile (6.5s)
✔ [9475/11847] Built OAI.NumberTheory.DirichletL.Hecke.DeletionBounds (5.4s)
✔ [9476/11847] Built OAI.NumberTheory.DirichletL.Hecke.LogDerivative (4.4s)
✔ [9477/11847] Built OAI.NumberTheory.DirichletL.Hecke.DetectorBudget (4.9s)
✔ [9478/11847] Built OAI.NumberTheory.DirichletL.Detector.PairPhase (4.5s)
✔ [9479/11847] Built OAI.NumberTheory.DirichletL.Detector.ScalarVanishing (5.2s)
✔ [9480/11847] Built OAI.NumberTheory.DirichletL.Detector.PhysicalFourier (5.2s)
✔ [9481/11847] Built OAI.NumberTheory.DirichletL.Descent.CuspCongruence (5.1s)
✔ [9482/11847] Built OAI.NumberTheory.DirichletL.Detector.LowPeriod (5.0s)
✔ [9483/11847] Built OAI.NumberTheory.DirichletL.CubicSieve.FullExtraction (5.2s)
✔ [9484/11847] Built OAI.NumberTheory.DirichletL.Descent.CompletePool (5.1s)
✔ [9485/11847] Built OAI.NumberTheory.DirichletL.Detector.CalibrationSupport (4.7s)
✔ [9486/11847] Built OAI.NumberTheory.DirichletL.Detector.CalibrationFourier (5.1s)
✔ [9487/11847] Built OAI.NumberTheory.DirichletL.Detector.GaussianMellin (5.0s)
✔ [9488/11847] Built OAI.NumberTheory.DirichletL.Descent.DensityAssembly (4.9s)
✔ [9489/11847] Built OAI.NumberTheory.DirichletL.Descent.FirstModeColumns (4.7s)
✔ [9490/11847] Built OAI.NumberTheory.DirichletL.Detector.GramGlobalExtension (4.9s)
✔ [9491/11847] Built OAI.NumberTheory.DirichletL.Moments.Extraction (5.2s)
✔ [9492/11847] Built OAI.NumberTheory.DirichletL.Moments.Unequal (6.2s)
✔ [9493/11847] Built OAI.NumberTheory.DirichletL.Moments.Poisson (6.4s)
✔ [9494/11847] Built OAI.NumberTheory.DirichletL.Detector.EulerHolomorphic (5.9s)
✔ [9495/11847] Built OAI.NumberTheory.DirichletL.Hecke.DetectorCoefficientBounds (6.3s)
✔ [9496/11847] Built OAI.NumberTheory.DirichletL.Hecke.DetectorProfilesCutoffs (6.4s)
✔ [9497/11847] Built OAI.NumberTheory.DirichletL.Hecke.Presentation (6.8s)
✔ [9498/11847] Built OAI.NumberTheory.DirichletL.Detector.LocalWeights (17s)
✔ [9499/11847] Built OAI.NumberTheory.DirichletL.Hecke.SignalIdentity (6.6s)
✔ [9500/11847] Built OAI.NumberTheory.DirichletL.Hecke.SignalShift (6.2s)
✔ [9501/11847] Built OAI.NumberTheory.DirichletL.Hecke.InverseAmplificationRows (5.2s)
✔ [9502/11847] Built OAI.NumberTheory.DirichletL.Hecke.DyadicMellin (5.1s)
✔ [9503/11847] Built OAI.NumberTheory.DirichletL.Moments.ComparisonReflection (6.3s)
✔ [9504/11847] Built OAI.NumberTheory.DirichletL.Moments.NaturalPrimitive (4.9s)
✔ [9505/11847] Built OAI.NumberTheory.DirichletL.PrincipalSlotEstimate (13s)
✔ [9506/11847] Built OAI.NumberTheory.DirichletL.Descent.SecondWholeKernel (4.8s)
✔ [9507/11847] Built OAI.NumberTheory.DirichletL.Descent.SecondKernelMeasure (4.6s)
✔ [9508/11847] Built OAI.NumberTheory.DirichletL.Detector.GlobalRegion (13s)
✔ [9509/11847] Built OAI.NumberTheory.DirichletL.Moments.ChildRows (4.7s)
✔ [9510/11847] Built OAI.NumberTheory.DirichletL.Hecke.DeletionDerivative (4.6s)
✔ [9511/11847] Built OAI.NumberTheory.DirichletL.Hecke.DeletionReciprocal (4.7s)
✔ [9512/11847] Built OAI.NumberTheory.DirichletL.Hecke.RayFamily (4.7s)
✔ [9513/11847] Built OAI.NumberTheory.DirichletL.Detector.CompletedCRTPhase (4.9s)
✔ [9514/11847] Built OAI.NumberTheory.DirichletL.Detector.PhysicalCoefficient (4.6s)
✔ [9515/11847] Built OAI.NumberTheory.DirichletL.Detector.ScalarTable (5.1s)
✔ [9516/11847] Built OAI.NumberTheory.DirichletL.Descent.CompleteMarkedPool (4.9s)
✔ [9517/11847] Built OAI.NumberTheory.DirichletL.Descent.ActiveCusp (5.2s)
✔ [9518/11847] Built OAI.NumberTheory.DirichletL.CubicSieve.ExtractionBounds (5.6s)
✔ [9519/11847] Built OAI.NumberTheory.DirichletL.Detector.LowPuncture (5.2s)
✔ [9520/11847] Built OAI.NumberTheory.DirichletL.Detector.GramMean (4.0s)
✔ [9521/11847] Built OAI.NumberTheory.DirichletL.Detector.GaussianCompletion (6.2s)
✔ [9522/11847] Built OAI.NumberTheory.DirichletL.Detector.PrincipalProduct (5.1s)
✔ [9523/11847] Built OAI.NumberTheory.DirichletL.Moments.FirstPoisson (6.3s)
✔ [9524/11847] Built OAI.NumberTheory.DirichletL.Detector.HighRowsWeights (5.7s)
✔ [9525/11847] Built OAI.NumberTheory.DirichletL.Descent.FirstNominal (25s)
✔ [9526/11847] Built OAI.NumberTheory.DirichletL.Hecke.CommonProbe (6.2s)
✔ [9527/11847] Built WeightedQRH.Continuation (6.4s)
✔ [9528/11847] Built OAI.NumberTheory.DirichletL.Hecke.PrincipalStrip (8.4s)
✔ [9529/11847] Built OAI.NumberTheory.DirichletL.Hecke.PrimeDyadic (6.3s)
✔ [9530/11847] Built OAI.NumberTheory.DirichletL.Hecke.DyadicContour (6.2s)
✔ [9531/11847] Built OAI.NumberTheory.DirichletL.Descent.ActualSecondProfile (5.1s)
✔ [9532/11847] Built OAI.NumberTheory.DirichletL.Detector.GlobalHolomorphic (5.1s)
✔ [9533/11847] Built OAI.NumberTheory.DirichletL.Detector.HighRowsSelectedCancellation (6.0s)
✔ [9534/11847] Built OAI.NumberTheory.DirichletL.Moments.Local (12s)
✔ [9535/11847] Built OAI.NumberTheory.DirichletL.Moments.ExceptionalPair (5.0s)
✔ [9536/11847] Built OAI.NumberTheory.DirichletL.Moments.ReflectionDeletion (8.5s)
✔ [9537/11847] Built OAI.NumberTheory.DirichletL.Inversion.InitialProfile (6.9s)
✔ [9538/11847] Built OAI.NumberTheory.DirichletL.Hecke.PrincipalResidue (5.0s)
✔ [9539/11847] Built OAI.NumberTheory.DirichletL.Hecke.RayPrimes (5.1s)
✔ [9540/11847] Built OAI.NumberTheory.DirichletL.Hecke.RayQuotient (5.5s)
✔ [9541/11847] Built OAI.NumberTheory.DirichletL.Detector.SpectralSeparation (5.1s)
✔ [9542/11847] Built OAI.NumberTheory.DirichletL.PrincipalMellinResidues (7.2s)
✔ [9543/11847] Built OAI.NumberTheory.DirichletL.Detector.PhysicalPoisson (6.3s)
✔ [9544/11847] Built OAI.NumberTheory.DirichletL.Inversion.InitialOverlapIdealFourier (5.5s)
✔ [9545/11847] Built OAI.NumberTheory.DirichletL.Descent.CompletedReopening (6.0s)
✔ [9546/11847] Built OAI.NumberTheory.DirichletL.Descent.MixedRow (5.8s)
✔ [9547/11847] Built OAI.NumberTheory.DirichletL.Detector.UnramifiedScalar (6.7s)
✔ [9548/11847] Built OAI.NumberTheory.DirichletL.CubicSieve.Dyadic (6.3s)
✔ [9549/11847] Built OAI.NumberTheory.DirichletL.Detector.LowCompletion (6.6s)
✔ [9550/11847] Built OAI.NumberTheory.DirichletL.Detector.GramMeanLift (5.7s)
✔ [9551/11847] Built OAI.NumberTheory.DirichletL.Detector.GaussianPartition (5.7s)
✔ [9552/11847] Built OAI.NumberTheory.DirichletL.Moments.Active (5.7s)
✔ [9553/11847] Built OAI.NumberTheory.DirichletL.Detector.CalibrationCRT (6.1s)
✔ [9554/11847] Built OAI.NumberTheory.DirichletL.Descent.FirstFreshMeasure (4.9s)
✔ [9555/11847] Built OAI.NumberTheory.DirichletL.Descent.PhysicalExponents (4.9s)
✔ [9556/11847] Built OAI.NumberTheory.DirichletL.Hecke.PrimePowers (4.7s)
✔ [9557/11847] Built OAI.NumberTheory.DirichletL.Hecke.PrimeDyadicEuler (4.8s)
✔ [9558/11847] Built OAI.NumberTheory.DirichletL.Hecke.LogarithmicInput (5.0s)
✔ [9559/11847] Built OAI.NumberTheory.DirichletL.Hecke.InverseAmplificationColumn (5.3s)
✔ [9560/11847] Built OAI.NumberTheory.DirichletL.Descent.ActualSecondMeasure (4.2s)
✔ [9561/11847] Built OAI.NumberTheory.DirichletL.Hecke.DyadicEstimates (5.5s)
✔ [9562/11847] Built OAI.NumberTheory.DirichletL.Moments.HeterogeneousCRT (4.5s)
✔ [9563/11847] Built OAI.NumberTheory.DirichletL.Moments.ExceptionalReflection (5.1s)
✔ [9564/11847] Built OAI.NumberTheory.DirichletL.Detector.HighRowsCentralCancellation (6.2s)
✔ [9565/11847] Built OAI.NumberTheory.DirichletL.Moments.HeckeVolume (6.3s)
✔ [9566/11847] Built OAI.NumberTheory.DirichletL.Moments.ReflectionMass (5.7s)
✔ [9567/11847] Built OAI.NumberTheory.DirichletL.RayPrimeNormalizer (4.7s)
✔ [9568/11847] Built OAI.NumberTheory.DirichletL.Moments.NaturalReflection (7.3s)
✔ [9569/11847] Built OAI.NumberTheory.DirichletL.Detector.PhysicalReopen (4.0s)
✔ [9570/11847] Built OAI.NumberTheory.DirichletL.Descent.ReopenedIdentification (5.4s)
✔ [9571/11847] Built OAI.NumberTheory.DirichletL.Descent.ActiveReflection (5.2s)
✔ [9572/11847] Built OAI.NumberTheory.DirichletL.Inversion.SecondProfileUniform (6.5s)
✔ [9573/11847] Built OAI.NumberTheory.DirichletL.Detector.HighRowsScalar (5.6s)
✔ [9574/11847] Built OAI.NumberTheory.DirichletL.CubicSieve.Gcd (5.1s)
✔ [9575/11847] Built OAI.NumberTheory.DirichletL.Detector.GaussianWindows (5.0s)
✔ [9576/11847] Built OAI.NumberTheory.DirichletL.Detector.LocalSeries (5.9s)
✔ [9577/11847] Built OAI.NumberTheory.DirichletL.Moments.Primitive (5.0s)
✔ [9578/11847] Built OAI.NumberTheory.DirichletL.Moments.FirstMixed (5.8s)
✔ [9579/11847] Built OAI.NumberTheory.DirichletL.Detector.FrequencySupport (5.3s)
✔ [9580/11847] Built OAI.NumberTheory.DirichletL.Hecke.PrimeAnnular (5.0s)
✔ [9581/11847] Built OAI.NumberTheory.DirichletL.Hecke.PrimeDyadicContour (5.8s)
✔ [9582/11847] Built OAI.NumberTheory.DirichletL.Descent.FirstRowGeometry (6.9s)
✔ [9583/11847] Built OAI.NumberTheory.DirichletL.Hecke.Logarithmic (5.6s)
✔ [9584/11847] Built OAI.NumberTheory.DirichletL.Hecke.InverseAmplificationMask (5.7s)
✔ [9585/11847] Built OAI.NumberTheory.DirichletL.Hecke.DyadicJoins (5.8s)
✔ [9586/11847] Built OAI.NumberTheory.DirichletL.GammaZeroDetector (8.1s)
✔ [9587/11847] Built OAI.NumberTheory.DirichletL.Hecke.MaskDescent (6.2s)
✔ [9588/11847] Built OAI.NumberTheory.DirichletL.Moments.HeckeCancellation (5.3s)
✔ [9589/11847] Built OAI.NumberTheory.DirichletL.Moments.CommonMaskExpansion (6.1s)
✔ [9590/11847] Built OAI.NumberTheory.DirichletL.Detector.SpectralPoisson (4.9s)
✔ [9591/11847] Built OAI.NumberTheory.DirichletL.Descent.ReopenedOriginalRow (4.0s)
✔ [9592/11847] Built OAI.NumberTheory.DirichletL.Descent.ControlledMultiplier (5.5s)
✔ [9593/11847] Built OAI.NumberTheory.DirichletL.CubicSieve.Mobius (4.6s)
✔ [9594/11847] Built OAI.NumberTheory.DirichletL.Descent.FirstProfileUniform (6.4s)
✔ [9595/11847] Built OAI.NumberTheory.DirichletL.Descent.Quotients (5.0s)
✔ [9596/11847] Built OAI.NumberTheory.DirichletL.CubicSieve.FullNorm (4.8s)
✔ [9597/11847] Built OAI.NumberTheory.DirichletL.CubicSieve.Gauss (5.1s)
✔ [9598/11847] Built OAI.NumberTheory.DirichletL.Detector.HighRowsRecurrence (6.0s)
✔ [9599/11847] Built OAI.NumberTheory.DirichletL.Moments.Smooth (4.6s)
✔ [9600/11847] Built OAI.NumberTheory.DirichletL.Detector.GaussianDecomposition (5.3s)
✔ [9601/11847] Built OAI.NumberTheory.DirichletL.Detector.LocalSummation (5.4s)
✔ [9602/11847] Built OAI.NumberTheory.DirichletL.Moments.FirstReduced (5.1s)
✔ [9603/11847] Built OAI.NumberTheory.DirichletL.Descent.FirstCutoffScale (4.8s)
✔ [9604/11847] Built OAI.NumberTheory.DirichletL.Hecke.LogarithmicActual (5.5s)
✔ [9605/11847] Built OAI.NumberTheory.DirichletL.Moments.FixedRowMask (5.1s)
✔ [9606/11847] Built OAI.NumberTheory.DirichletL.Hecke.InverseAmplificationEnergy (6.0s)
✔ [9607/11847] Built OAI.NumberTheory.DirichletL.GammaDetectorExpansion (5.8s)
✔ [9608/11847] Built OAI.NumberTheory.DirichletL.Moments.ProductCRT (18s)
✔ [9609/11847] Built OAI.NumberTheory.DirichletL.Detector.MellinPoisson (5.1s)
✔ [9610/11847] Built OAI.NumberTheory.DirichletL.Descent.ReflectedDual (5.1s)
✔ [9611/11847] Built OAI.NumberTheory.DirichletL.CubicSieve.DescentEnergy (4.8s)
✔ [9612/11847] Built OAI.NumberTheory.DirichletL.Moments.HeckeTwist (7.3s)
✔ [9613/11847] Built OAI.NumberTheory.DirichletL.Detector.MellinBoundary (29s)
✔ [9614/11847] Built OAI.NumberTheory.DirichletL.Descent.OriginalBlock (5.5s)
✔ [9615/11847] Built OAI.NumberTheory.DirichletL.Descent.DivisorExtraction (4.6s)
✔ [9616/11847] Built OAI.NumberTheory.DirichletL.CubicSieve.GaussNorm (4.7s)
✔ [9617/11847] Built OAI.NumberTheory.DirichletL.Detector.HighRowsSeries (4.7s)
✔ [9618/11847] Built OAI.NumberTheory.DirichletL.Moments.Scale (4.5s)
✔ [9619/11847] Built OAI.NumberTheory.DirichletL.Detector.CalibrationRemoval (12s)
✔ [9620/11847] Built OAI.NumberTheory.DirichletL.CubicSieve.ExtractionOptimization (5.9s)
✔ [9621/11847] Built OAI.NumberTheory.DirichletL.Moments.Cauchy (4.9s)
✔ [9622/11847] Built OAI.NumberTheory.DirichletL.Detector.GaussianDerivative (4.7s)
✔ [9623/11847] Built OAI.NumberTheory.DirichletL.Moments.Tail (5.2s)
✔ [9624/11847] Built OAI.NumberTheory.DirichletL.Detector.HighRowsDiagonal (4.7s)
✔ [9625/11847] Built OAI.NumberTheory.DirichletL.Detector.PrincipalEulerIdentity (5.2s)
✔ [9626/11847] Built OAI.NumberTheory.DirichletL.Moments.FirstActiveFourier (4.8s)
✔ [9627/11847] Built OAI.NumberTheory.DirichletL.Descent.FirstPhysicalCutoff (4.9s)
✔ [9628/11847] Built OAI.NumberTheory.DirichletL.Moments.NaturalRowSourceMask (4.7s)
✔ [9629/11847] Built OAI.NumberTheory.DirichletL.Moments.FixedRayInducingTransport (4.8s)
✔ [9630/11847] Built OAI.NumberTheory.DirichletL.Hecke.ReciprocalGrowth (5.5s)
✔ [9631/11847] Built OAI.NumberTheory.DirichletL.Hecke.InverseAmplificationFamily (4.8s)
✔ [9632/11847] Built OAI.NumberTheory.DirichletL.Detector.Transformed (4.7s)
✔ [9633/11847] Built OAI.NumberTheory.DirichletL.Moments.Partition (5.1s)
✔ [9634/11847] Built OAI.NumberTheory.DirichletL.Hecke.DetectorLower (5.9s)
✔ [9635/11847] Built OAI.NumberTheory.DirichletL.Descent.MarkedPhase (4.8s)
✔ [9636/11847] Built OAI.NumberTheory.DirichletL.Moments.HeckeHeight (4.6s)
✔ [9637/11847] Built OAI.NumberTheory.DirichletL.PrincipalMellinGrowth (5.6s)
✔ [9638/11847] Built OAI.NumberTheory.DirichletL.Descent.DivisorSum (4.9s)
✔ [9639/11847] Built OAI.NumberTheory.DirichletL.CubicSieve.PairPrimes (5.1s)
✔ [9640/11847] Built OAI.NumberTheory.DirichletL.Detector.LocalPhysical (4.0s)
✔ [9641/11847] Built OAI.NumberTheory.DirichletL.Detector.CalibrationCancellation (4.8s)
✔ [9642/11847] Built OAI.NumberTheory.DirichletL.Descent.ReopenedSeparation (19s)
✔ [9643/11847] Built OAI.NumberTheory.DirichletL.Descent.ExtractedGrid (6.3s)
✔ [9644/11847] Built OAI.NumberTheory.DirichletL.Moments.RowNorm (4.8s)
✔ [9645/11847] Built OAI.NumberTheory.DirichletL.Moments.ExceptionalKernel (4.7s)
✔ [9646/11847] Built OAI.NumberTheory.DirichletL.Detector.GaussianSeminorm (4.9s)
✔ [9647/11847] Built OAI.NumberTheory.DirichletL.CubicSieve.Growth (6.2s)
✔ [9648/11847] Built OAI.NumberTheory.DirichletL.Detector.PhysicalCRT (7.1s)
✔ [9649/11847] Built OAI.NumberTheory.DirichletL.Detector.ZeroIndex (5.2s)
✔ [9650/11847] Built OAI.NumberTheory.DirichletL.Hecke.SignalBounds (5.1s)
✔ [9651/11847] Built OAI.NumberTheory.DirichletL.Detector.SpectralWeights (5.8s)
✔ [9652/11847] Built OAI.NumberTheory.DirichletL.Detector.HighRowsSummability (6.2s)
✔ [9653/11847] Built OAI.NumberTheory.DirichletL.Descent.FirstPhysicalTail (5.7s)
✔ [9654/11847] Built OAI.NumberTheory.DirichletL.Moments.PartitionNorm (5.3s)
✔ [9655/11847] Built OAI.NumberTheory.DirichletL.Reflection.Local (4.5s)
✔ [9656/11847] Built OAI.NumberTheory.DirichletL.Moments.RetainedProfile (4.9s)
✔ [9657/11847] Built OAI.NumberTheory.DirichletL.Hecke.DyadicControl (7.3s)
✔ [9658/11847] Built OAI.NumberTheory.DirichletL.Moments.HeckeSlots (4.8s)
✔ [9659/11847] Built OAI.NumberTheory.DirichletL.CubicSieve.PairPoisson (5.1s)
✔ [9660/11847] Built OAI.NumberTheory.DirichletL.Descent.ReopenedCommonMeasure (4.8s)
✔ [9661/11847] Built OAI.NumberTheory.DirichletL.Descent.MaskedGrid (5.1s)
✔ [9662/11847] Built OAI.NumberTheory.DirichletL.Moments.PlainEnergy (4.6s)
✔ [9663/11847] Built OAI.NumberTheory.DirichletL.Moments.ChildAssembly (5.2s)
✔ [9664/11847] Built OAI.NumberTheory.DirichletL.Moments.GaussEnergy (5.4s)
✔ [9665/11847] Built OAI.NumberTheory.DirichletL.Moments.ZeroMode (6.4s)
✔ [9666/11847] Built OAI.NumberTheory.DirichletL.Detector.CubicGaussCRT (5.6s)
✔ [9667/11847] Built OAI.NumberTheory.DirichletL.Descent.DyadicBlock (7.0s)
✔ [9668/11847] Built OAI.NumberTheory.DirichletL.Detector.ReciprocityCRT (5.4s)
✔ [9669/11847] Built OAI.NumberTheory.DirichletL.Detector.PhysicalNorms (4.9s)
✔ [9670/11847] Built OAI.NumberTheory.DirichletL.Detector.GaussianFlow (7.2s)
✔ [9671/11847] Built OAI.NumberTheory.DirichletL.Detector.SourceLocal (5.4s)
✔ [9672/11847] Built OAI.NumberTheory.DirichletL.Detector.HighRowsFamilies (5.1s)
✔ [9673/11847] Built OAI.NumberTheory.DirichletL.Descent.FirstMarkedColumns (4.7s)
✔ [9674/11847] Built OAI.NumberTheory.DirichletL.Moments.Forcing (4.5s)
✔ [9675/11847] Built OAI.NumberTheory.DirichletL.CubicSieve.B2Growth (9.2s)
✔ [9676/11847] Built OAI.NumberTheory.DirichletL.Reflection.Cofactor (4.7s)
✔ [9677/11847] Built OAI.NumberTheory.DirichletL.Hecke.DyadicBuffered (5.0s)
✔ [9678/11847] Built OAI.NumberTheory.DirichletL.Hecke.PrimeDyadicControl (5.6s)
✔ [9679/11847] Built OAI.NumberTheory.DirichletL.CubicSieve.KernelTransfer (5.4s)
✔ [9680/11847] Built OAI.NumberTheory.DirichletL.Moments.FiniteProfileExceptionalControl (5.5s)
✔ [9681/11847] Built OAI.NumberTheory.DirichletL.Moments.HeckeExpansion (5.6s)
✔ [9682/11847] Built OAI.NumberTheory.DirichletL.Moments.PlainChildEnergy (4.6s)
✔ [9683/11847] Built OAI.NumberTheory.DirichletL.Moments.ChildEnergy (4.8s)
✔ [9684/11847] Built OAI.NumberTheory.DirichletL.Descent.ReopenedIntegralEnergy (5.2s)
✔ [9685/11847] Built OAI.NumberTheory.DirichletL.Moments.AddedZero (4.0s)
✔ [9686/11847] Built OAI.NumberTheory.DirichletL.Moments.SecondDiagonal (5.7s)
✔ [9687/11847] Built OAI.NumberTheory.DirichletL.Descent.FixedSquare (6.3s)
✔ [9688/11847] Built OAI.NumberTheory.DirichletL.Detector.CompletedCoefficient (5.2s)
✔ [9689/11847] Built OAI.NumberTheory.DirichletL.Detector.MellinPowers (4.0s)
✔ [9690/11847] Built OAI.NumberTheory.DirichletL.Detector.PhysicalLocalEuler (5.0s)
✔ [9691/11847] Built OAI.NumberTheory.DirichletL.Detector.HighRowsTail (5.3s)
✔ [9692/11847] Built OAI.NumberTheory.DirichletL.Detector.GaussianLogWindow (5.7s)
✔ [9693/11847] Built OAI.NumberTheory.DirichletL.Descent.FirstWholeMarkedColumns (5.0s)
✔ [9694/11847] Built OAI.NumberTheory.DirichletL.Reflection.Sector (4.7s)
✔ [9695/11847] Built OAI.NumberTheory.DirichletL.Moments.SecondLedger (5.7s)
✔ [9696/11847] Built OAI.NumberTheory.DirichletL.Descent.FirstTailAbsorption (6.7s)
✔ [9697/11847] Built OAI.NumberTheory.DirichletL.Hecke.DyadicPointwise (5.2s)
✔ [9698/11847] Built OAI.NumberTheory.DirichletL.Moments.SourceRow (4.1s)
✔ [9699/11847] Built OAI.NumberTheory.DirichletL.Moments.FiniteProfileExceptionalVolume (4.6s)
✔ [9700/11847] Built OAI.NumberTheory.DirichletL.CubicSieve.FrequencyShell (4.8s)
✔ [9701/11847] Built OAI.NumberTheory.DirichletL.Moments.SecondDescent (4.4s)
✔ [9702/11847] Built OAI.NumberTheory.DirichletL.Moments.DivisorAllocation (4.7s)
✔ [9703/11847] Built OAI.NumberTheory.DirichletL.Moments.RestrictedEnergy (4.8s)
✔ [9704/11847] Built OAI.NumberTheory.DirichletL.Moments.ReflectedChild (4.6s)
✔ [9705/11847] Built OAI.NumberTheory.DirichletL.Moments.AddedZeroUniform (4.4s)
✔ [9706/11847] Built OAI.NumberTheory.DirichletL.Descent.ReopenedBinEnergy (4.6s)
✔ [9707/11847] Built OAI.NumberTheory.DirichletL.Detector.SourceCoefficient (4.4s)
✔ [9708/11847] Built OAI.NumberTheory.DirichletL.Detector.GaussianCoupled (4.3s)
✔ [9709/11847] Built OAI.NumberTheory.DirichletL.Descent.SourceHybrid (5.6s)
✔ [9710/11847] Built WeightedQRH.SignalShift (24s)
✔ [9711/11847] Built OAI.NumberTheory.DirichletL.Descent.FirstZeroSource (5.3s)
✔ [9712/11847] Built OAI.NumberTheory.DirichletL.Reflection.Static (4.7s)
✔ [9713/11847] Built OAI.NumberTheory.DirichletL.Descent.FirstWholeCanonicalTail (5.2s)
✔ [9714/11847] Built OAI.NumberTheory.DirichletL.Moments.DescentLedger (4.8s)
✔ [9715/11847] Built OAI.NumberTheory.DirichletL.Moments.CommonAllowance (5.8s)
✔ [9716/11847] Built OAI.NumberTheory.DirichletL.Descent.FirstSourceSize (5.1s)
✔ [9717/11847] Built OAI.NumberTheory.DirichletL.Hecke.DyadicBounded (5.1s)
✔ [9718/11847] Built OAI.NumberTheory.DirichletL.Hecke.PrimeDyadicEstimates (5.5s)
✔ [9719/11847] Built OAI.NumberTheory.DirichletL.Moments.FiniteProfileExceptionalUnit (5.4s)
✔ [9720/11847] Built OAI.NumberTheory.DirichletL.Moments.DivisorExtraction (4.4s)
✔ [9721/11847] Built OAI.NumberTheory.DirichletL.CubicSieve.DualCoefficients (4.7s)
✔ [9722/11847] Built OAI.NumberTheory.DirichletL.Moments.SecondScaled (5.4s)
✔ [9723/11847] Built OAI.NumberTheory.DirichletL.Detector.CoefficientDirect (4.5s)
✔ [9724/11847] Built OAI.NumberTheory.DirichletL.Descent.ReopenedBins (4.7s)
✔ [9725/11847] Built OAI.NumberTheory.DirichletL.Moments.SourceMass (5.5s)
✔ [9726/11847] Built OAI.NumberTheory.DirichletL.Detector.SourceBounds (4.3s)
✔ [9727/11847] Built OAI.NumberTheory.DirichletL.Detector.SixthFrequency (4.8s)
✔ [9728/11847] Built OAI.NumberTheory.DirichletL.Detector.SourcePrime (5.1s)
✔ [9729/11847] Built OAI.NumberTheory.DirichletL.Detector.GaussianSlots (4.6s)
✔ [9730/11847] Built OAI.NumberTheory.DirichletL.Descent.HybridBound (5.5s)
✔ [9731/11847] Built OAI.NumberTheory.DirichletL.Reflection.Brackets (4.8s)
✔ [9732/11847] Built OAI.NumberTheory.DirichletL.Moments.SectorLocalization (5.2s)
✔ [9733/11847] Built OAI.NumberTheory.DirichletL.Descent.FirstSourceTail (4.6s)
✔ [9734/11847] Built OAI.NumberTheory.DirichletL.Reflection.Frozen (5.9s)
✔ [9735/11847] Built OAI.NumberTheory.DirichletL.Hecke.PrimeDyadicBuffered (5.1s)
✔ [9736/11847] Built OAI.NumberTheory.DirichletL.Moments.FiniteProfileExceptionalNormalize (4.6s)
✔ [9737/11847] Built OAI.NumberTheory.DirichletL.CubicSieve.DualShell (4.7s)
✔ [9738/11847] Built OAI.NumberTheory.DirichletL.Hecke.DyadicReflection (5.0s)
✔ [9739/11847] Built OAI.NumberTheory.DirichletL.Moments.DivisorTensor (4.6s)
✔ [9740/11847] Built OAI.NumberTheory.DirichletL.CubicSieve.Smoothed (5.3s)
✔ [9741/11847] Built OAI.NumberTheory.DirichletL.Moments.DivisorEnergy (4.6s)
✔ [9742/11847] Built OAI.NumberTheory.DirichletL.Moments.SecondNonexceptional (4.5s)
✔ [9743/11847] Built OAI.NumberTheory.DirichletL.Detector.SpectralCoefficient (4.7s)
✔ [9744/11847] Built OAI.NumberTheory.DirichletL.Moments.SourceProfileMass (4.4s)
✔ [9745/11847] Built OAI.NumberTheory.DirichletL.Dictionary.InverseAssignedCount (4.6s)
✔ [9746/11847] Built OAI.NumberTheory.DirichletL.Descent.ShortCompletionEnergy (5.9s)
✔ [9747/11847] Built OAI.NumberTheory.DirichletL.Detector.SourcePrimeFactor (4.0s)
✔ [9748/11847] Built OAI.NumberTheory.DirichletL.Detector.HighSeries (5.5s)
✔ [9749/11847] Built OAI.NumberTheory.DirichletL.Moments.Amplification (5.2s)
✔ [9750/11847] Built OAI.NumberTheory.DirichletL.Descent.SlotProducts (4.6s)
✔ [9751/11847] Built OAI.NumberTheory.DirichletL.Reflection.IdealBridge (4.9s)
✔ [9752/11847] Built OAI.NumberTheory.DirichletL.Detector.GaussianCompletedSlots (5.0s)
✔ [9753/11847] Built OAI.NumberTheory.DirichletL.Moments.ReflectionTails (5.0s)
✔ [9754/11847] Built OAI.NumberTheory.DirichletL.Moments.ReflectedAnnuli (4.8s)
✔ [9755/11847] Built OAI.NumberTheory.DirichletL.Reflection.Cross (4.7s)
✔ [9756/11847] Built OAI.NumberTheory.DirichletL.Detector.LocalUnitFrequency (8.3s)
✔ [9757/11847] Built OAI.NumberTheory.DirichletL.Moments.DyadicCount (5.4s)
✔ [9758/11847] Built OAI.NumberTheory.DirichletL.Moments.FiniteProfileExceptionalRectangle (4.5s)
✔ [9759/11847] Built OAI.NumberTheory.DirichletL.CubicSieve.ZeroMode (5.1s)
✔ [9760/11847] Built OAI.NumberTheory.DirichletL.CubicSieve.FrequencyDyads (4.9s)
✔ [9761/11847] Built OAI.NumberTheory.DirichletL.Moments.DivisorSlots (4.4s)
✔ [9762/11847] Built OAI.NumberTheory.DirichletL.Moments.Rankin (4.7s)
✔ [9763/11847] Built OAI.NumberTheory.DirichletL.CubicSieve.CompactDescent (4.9s)
✔ [9764/11847] Built OAI.NumberTheory.DirichletL.Hecke.DyadicReflectedFamily (5.9s)
✔ [9765/11847] Built OAI.NumberTheory.DirichletL.Moments.SourceProfileMassUniform (4.4s)
✔ [9766/11847] Built OAI.NumberTheory.DirichletL.Detector.HighDeletion (4.6s)
✔ [9767/11847] Built OAI.NumberTheory.DirichletL.Detector.IdealLocalEuler (4.9s)
✔ [9768/11847] Built OAI.NumberTheory.DirichletL.Detector.IdealMultiplicative (4.8s)
✔ [9769/11847] Built OAI.NumberTheory.DirichletL.Moments.AmplificationLocal (4.8s)
✔ [9770/11847] Built OAI.NumberTheory.DirichletL.Descent.CommonMeasure (4.6s)
✔ [9771/11847] Built OAI.NumberTheory.DirichletL.Moments.ReflectionNegligible (4.1s)
✔ [9772/11847] Built OAI.NumberTheory.DirichletL.Moments.ReflectionLength (4.5s)
✔ [9773/11847] Built OAI.NumberTheory.DirichletL.Detector.GaussianTuple (4.0s)
✔ [9774/11847] Built OAI.NumberTheory.DirichletL.Moments.ReflectedSeries (4.3s)
✔ [9775/11847] Built OAI.NumberTheory.DirichletL.Reflection.ThreeBlocks (4.6s)
✔ [9776/11847] Built OAI.NumberTheory.DirichletL.Moments.ReflectionWeightedEnergy (5.0s)
✔ [9777/11847] Built OAI.NumberTheory.DirichletL.CubicSieve.Majorant (4.6s)
✔ [9778/11847] Built OAI.NumberTheory.DirichletL.Moments.DivisorBoundary (4.2s)
✔ [9779/11847] Built OAI.NumberTheory.DirichletL.Moments.WholeDivisorShell (5.4s)
✔ [9780/11847] Built OAI.NumberTheory.DirichletL.Moments.RankinCount (4.7s)
✔ [9781/11847] Built OAI.NumberTheory.DirichletL.CubicSieve.QuotientColumns (4.8s)
✔ [9782/11847] Built OAI.NumberTheory.DirichletL.Moments.DivisorRectangle (5.2s)
✔ [9783/11847] Built OAI.NumberTheory.DirichletL.Detector.HighAbsolute (4.8s)
✔ [9784/11847] Built OAI.NumberTheory.DirichletL.Detector.IdealUnit (4.4s)
✔ [9785/11847] Built OAI.NumberTheory.DirichletL.Moments.AmplificationGlobal (5.6s)
✔ [9786/11847] Built OAI.NumberTheory.DirichletL.Detector.IdealFactorization (4.6s)
✔ [9787/11847] Built OAI.NumberTheory.DirichletL.Moments.ReflectionTailMass (4.7s)
✔ [9788/11847] Built OAI.NumberTheory.DirichletL.Hecke.DyadicReflectedControl (6.9s)
✔ [9789/11847] Built OAI.NumberTheory.DirichletL.Detector.PhysicalRows (4.9s)
✔ [9790/11847] Built OAI.NumberTheory.DirichletL.Detector.GaussianDensityBudget (5.1s)
✔ [9791/11847] Built OAI.NumberTheory.DirichletL.Reflection.FrozenSplit (4.7s)
✔ [9792/11847] Built OAI.NumberTheory.DirichletL.Detector.GaussianCrude (6.2s)
✔ [9793/11847] Built OAI.NumberTheory.DirichletL.Reflection.Ramified (4.4s)
⚠ [9794/11847] Built WeightedQRH.NumeratorReflectionMass (4.4s)
warning: WeightedQRH/NumeratorReflectionMass.lean:33:27: Used `tac1 <;> tac2` where `(tac1; tac2)` would suffice

Note: This linter can be disabled with `set_option linter.unnecessarySeqFocus false`
✔ [9795/11847] Built OAI.NumberTheory.DirichletL.CubicSieve.Recurrence (4.6s)
✔ [9796/11847] Built OAI.NumberTheory.DirichletL.Moments.SlotRatios (4.6s)
✔ [9797/11847] Built OAI.NumberTheory.DirichletL.Moments.MobiusHarmonicMass (4.5s)
✔ [9798/11847] Built OAI.NumberTheory.DirichletL.CubicSieve.ColumnShells (4.5s)
✔ [9799/11847] Built OAI.NumberTheory.DirichletL.Moments.RankinSubset (4.5s)
✔ [9800/11847] Built OAI.NumberTheory.DirichletL.Moments.RankinRadical (4.2s)
✔ [9801/11847] Built OAI.NumberTheory.DirichletL.Moments.DivisorRows (4.3s)
✔ [9802/11847] Built OAI.NumberTheory.DirichletL.Moments.AmplificationCount (4.3s)
✔ [9803/11847] Built OAI.NumberTheory.DirichletL.Detector.RadialExchange (4.7s)
✔ [9804/11847] Built OAI.NumberTheory.DirichletL.Detector.SixthDecomposition (4.7s)
✔ [9805/11847] Built OAI.NumberTheory.DirichletL.Detector.HighValuations (4.8s)
✔ [9806/11847] Built OAI.NumberTheory.DirichletL.Detector.GaussianPhysicalTuple (4.7s)
✔ [9807/11847] Built OAI.NumberTheory.DirichletL.Detector.LowRay (4.6s)
✔ [9808/11847] Built OAI.NumberTheory.DirichletL.Reflection.Norms (4.5s)
✔ [9809/11847] Built OAI.NumberTheory.DirichletL.Detector.GaussianTailBudget (5.5s)
✔ [9810/11847] Built OAI.NumberTheory.DirichletL.Moments.PlainGlobalBound (6.7s)
✔ [9811/11847] Built OAI.NumberTheory.DirichletL.Hecke.DyadicReflectedPointwise (6.8s)
✔ [9812/11847] Built OAI.NumberTheory.DirichletL.Moments.CompleteCommon (4.7s)
✔ [9813/11847] Built OAI.NumberTheory.DirichletL.CubicSieve.CommonFactorBound (5.1s)
✔ [9814/11847] Built OAI.NumberTheory.DirichletL.Moments.RankinLabels (5.0s)
✔ [9815/11847] Built OAI.NumberTheory.DirichletL.Moments.DivisorFullMask (4.8s)
✔ [9816/11847] Built OAI.NumberTheory.DirichletL.Moments.ReflectedTruncation (16s)
✔ [9817/11847] Built OAI.NumberTheory.DirichletL.Moments.DivisorRaw (4.8s)
✔ [9818/11847] Built OAI.NumberTheory.DirichletL.Detector.GaussianCompensation (5.0s)
✔ [9819/11847] Built OAI.NumberTheory.DirichletL.Detector.RadialIdentity (5.1s)
✔ [9820/11847] Built OAI.NumberTheory.DirichletL.Moments.PrimePool (5.2s)
✔ [9821/11847] Built OAI.NumberTheory.DirichletL.Reflection.Coefficient (5.3s)
✔ [9822/11847] Built OAI.NumberTheory.DirichletL.Detector.GaussianRemoteRows (5.5s)
✔ [9823/11847] Built OAI.NumberTheory.DirichletL.Hecke.DyadicScale (4.0s)
✔ [9824/11847] Built OAI.NumberTheory.DirichletL.Detector.LowCutoff (5.3s)
✔ [9825/11847] Built OAI.NumberTheory.DirichletL.Hecke.DyadicTailBudget (5.2s)
✔ [9826/11847] Built OAI.NumberTheory.DirichletL.Moments.CommonSectors (4.2s)
✔ [9827/11847] Built OAI.NumberTheory.DirichletL.Moments.CanonicalFirst (4.0s)
✔ [9828/11847] Built OAI.NumberTheory.DirichletL.CubicSieve.DescendantBounds (4.5s)
✔ [9829/11847] Built OAI.NumberTheory.DirichletL.Moments.ReflectionRetainedLength (4.7s)
✔ [9830/11847] Built OAI.NumberTheory.DirichletL.Moments.CommonHarmonicMass (5.7s)
✔ [9831/11847] Built OAI.NumberTheory.DirichletL.Moments.DivisorRawEnergy (5.0s)
✔ [9832/11847] Built OAI.NumberTheory.DirichletL.Moments.DivisorRowEnergy (5.0s)
✔ [9833/11847] Built OAI.NumberTheory.DirichletL.Detector.GaussianSubset (5.2s)
✔ [9834/11847] Built OAI.NumberTheory.DirichletL.Detector.RadialSpectral (4.9s)
✔ [9835/11847] Built OAI.NumberTheory.DirichletL.Detector.PhysicalCoefficientScaling (4.0s)
✔ [9836/11847] Built OAI.NumberTheory.DirichletL.Moments.PrimeElements (4.9s)
✔ [9837/11847] Built OAI.NumberTheory.DirichletL.Detector.GaussianPhysicalTail (4.5s)
✔ [9838/11847] Built OAI.NumberTheory.DirichletL.Detector.EulerFinsupp (20s)
✔ [9839/11847] Built OAI.NumberTheory.DirichletL.Reflection.Independent (4.0s)
✔ [9840/11847] Built OAI.NumberTheory.DirichletL.Detector.LowMellin (4.9s)
✔ [9841/11847] Built OAI.NumberTheory.DirichletL.Hecke.PrimeDyadicScale (5.4s)
✔ [9842/11847] Built OAI.NumberTheory.DirichletL.Moments.PlainGlobalActual (6.3s)
✔ [9843/11847] Built OAI.NumberTheory.DirichletL.Moments.CommonAllocation (5.3s)
✔ [9844/11847] Built OAI.NumberTheory.DirichletL.Moments.FirstSectors (5.7s)
✔ [9845/11847] Built OAI.NumberTheory.DirichletL.Hecke.DyadicCentralBudget (6.1s)
✔ [9846/11847] Built OAI.NumberTheory.DirichletL.Moments.FirstEnergy (5.7s)
✔ [9847/11847] Built OAI.NumberTheory.DirichletL.Moments.FirstScale (6.2s)
✔ [9848/11847] Built WeightedQRH.NumeratorReflectionGeometry (5.5s)
✔ [9849/11847] Built OAI.NumberTheory.DirichletL.Moments.DivisorWitness (5.4s)
✔ [9850/11847] Built OAI.NumberTheory.DirichletL.Moments.CommonRadicalHarmonicMass (6.5s)
✔ [9851/11847] Built OAI.NumberTheory.DirichletL.CubicSieve.CostGrowth (7.1s)
✔ [9852/11847] Built OAI.NumberTheory.DirichletL.Moments.FirstNormalization (8.7s)
✔ [9853/11847] Built OAI.NumberTheory.DirichletL.Detector.GaussianCommon (4.8s)
✔ [9854/11847] Built OAI.NumberTheory.DirichletL.Moments.RetainedEnergy (5.3s)
✔ [9855/11847] Built OAI.NumberTheory.DirichletL.Detector.PhysicalRadial (5.4s)
✔ [9856/11847] Built OAI.NumberTheory.DirichletL.Detector.HighEuler (4.7s)
✔ [9857/11847] Built OAI.NumberTheory.DirichletL.Moments.AmplificationEnergy (5.1s)
✔ [9858/11847] Built OAI.NumberTheory.DirichletL.Detector.PhysicalMellinCoefficient (5.4s)
✔ [9859/11847] Built OAI.NumberTheory.DirichletL.Detector.EulerMarked (4.8s)
✔ [9860/11847] Built OAI.NumberTheory.DirichletL.Reflection.Family (5.3s)
✔ [9861/11847] Built OAI.NumberTheory.DirichletL.Reflection.Transport (4.6s)
✔ [9862/11847] Built OAI.NumberTheory.DirichletL.Moments.CommonAllocationBox (4.7s)
✔ [9863/11847] Built OAI.NumberTheory.DirichletL.Detector.LowRowMellin (6.5s)
✔ [9864/11847] Built OAI.NumberTheory.DirichletL.Moments.FirstSectorEnergy (4.8s)
✔ [9865/11847] Built OAI.NumberTheory.DirichletL.Hecke.DyadicLossBudget (5.4s)
✔ [9866/11847] Built OAI.NumberTheory.DirichletL.Moments.FirstDiscarded (5.0s)
✔ [9867/11847] Built OAI.NumberTheory.DirichletL.Moments.DivisorActualBoundary (5.3s)
✔ [9868/11847] Built OAI.NumberTheory.DirichletL.Moments.FirstColumns (5.2s)
✔ [9869/11847] Built OAI.NumberTheory.DirichletL.Moments.DivisorRetained (5.4s)
✔ [9870/11847] Built OAI.NumberTheory.DirichletL.Detector.HighEulerLocal (4.0s)
✔ [9871/11847] Built OAI.NumberTheory.DirichletL.Detector.HighEulerGeneral (4.0s)
✔ [9872/11847] Built OAI.NumberTheory.DirichletL.CubicSieve.AnnularImprovement (7.7s)
✔ [9873/11847] Built OAI.NumberTheory.DirichletL.Moments.AmplificationShortening (5.0s)
✔ [9874/11847] Built OAI.NumberTheory.DirichletL.Detector.SpectralSupport (4.8s)
✔ [9875/11847] Built OAI.NumberTheory.DirichletL.Reflection.Functions (4.7s)
✔ [9876/11847] Built OAI.NumberTheory.DirichletL.Moments.CommonAllocationSum (4.8s)
✔ [9877/11847] Built OAI.NumberTheory.DirichletL.Detector.LowRayAmplitude (4.8s)
✔ [9878/11847] Built OAI.NumberTheory.DirichletL.Detector.LowMellinFubini (4.8s)
✔ [9879/11847] Built OAI.NumberTheory.DirichletL.Hecke.PrimeDyadicScaled (13s)
✔ [9880/11847] Built OAI.NumberTheory.DirichletL.Moments.FirstFamily (4.7s)
✔ [9881/11847] Built OAI.NumberTheory.DirichletL.Moments.FirstAssembly (4.6s)
✔ [9882/11847] Built OAI.NumberTheory.DirichletL.Moments.FirstDiscardedEnergy (5.4s)
✔ [9883/11847] Built OAI.NumberTheory.DirichletL.Detector.HighRowsMultiplicative (5.1s)
✔ [9884/11847] Built OAI.NumberTheory.DirichletL.Moments.ActiveAllocation (5.2s)
✔ [9885/11847] Built OAI.NumberTheory.DirichletL.Detector.HighExcludedEuler (5.7s)
✔ [9886/11847] Built OAI.NumberTheory.DirichletL.Moments.AmplificationAllocation (4.8s)
✔ [9887/11847] Built OAI.NumberTheory.DirichletL.Detector.HighEulerRational (5.7s)
✔ [9888/11847] Built OAI.NumberTheory.DirichletL.Moments.AmplificationRectangle (4.7s)
✔ [9889/11847] Built OAI.NumberTheory.DirichletL.Reflection.SectorIndependence (4.5s)
✔ [9890/11847] Built OAI.NumberTheory.DirichletL.Detector.MellinGuarded (4.8s)
✔ [9891/11847] Built OAI.NumberTheory.DirichletL.Detector.SixthMask (4.0s)
✔ [9892/11847] Built OAI.NumberTheory.DirichletL.Moments.CommonProfile (5.1s)
✔ [9893/11847] Built OAI.NumberTheory.DirichletL.Detector.LowGaussEnergy (4.9s)
✔ [9894/11847] Built OAI.NumberTheory.DirichletL.Moments.FirstFrequency (5.3s)
✔ [9895/11847] Built OAI.NumberTheory.DirichletL.Moments.FirstCanonicalFamily (5.6s)
✔ [9896/11847] Built OAI.NumberTheory.DirichletL.Moments.RadicalFamily (5.9s)
✔ [9897/11847] Built OAI.NumberTheory.DirichletL.Moments.FirstTailAggregate (5.0s)
✔ [9898/11847] Built OAI.NumberTheory.DirichletL.Detector.HighRowsEuler (5.2s)
✔ [9899/11847] Built OAI.NumberTheory.DirichletL.Moments.SourceInputFirstTailScale (5.5s)
✔ [9900/11847] Built OAI.NumberTheory.DirichletL.Moments.ActiveDivisorShell (5.6s)
✔ [9901/11847] Built OAI.NumberTheory.DirichletL.Detector.HighExcludedLocal (5.1s)
✔ [9902/11847] Built OAI.NumberTheory.DirichletL.Detector.GlobalCorrection (4.0s)
✔ [9903/11847] Built OAI.NumberTheory.DirichletL.Moments.AmplificationEligibility (4.9s)
✔ [9904/11847] Built OAI.NumberTheory.DirichletL.Hecke.PrimeDyadicSource (11s)
✔ [9905/11847] Built OAI.NumberTheory.DirichletL.Moments.SourceCommonMask (4.4s)
✔ [9906/11847] Built OAI.NumberTheory.DirichletL.Reflection.Canonical (4.6s)
✔ [9907/11847] Built OAI.NumberTheory.DirichletL.Hecke.DyadicScaled (20s)
✔ [9908/11847] Built OAI.NumberTheory.DirichletL.Detector.InitialMajorant (4.8s)
✔ [9909/11847] Built OAI.NumberTheory.DirichletL.Moments.CommonPuncture (4.7s)
✔ [9910/11847] Built OAI.NumberTheory.DirichletL.Moments.RemainingBox (4.2s)
✔ [9911/11847] Built OAI.NumberTheory.DirichletL.Detector.MarkedValuations (7.0s)
✔ [9912/11847] Built OAI.NumberTheory.DirichletL.CubicSieve.FullImprovement (20s)
✔ [9913/11847] Built OAI.NumberTheory.DirichletL.Moments.FirstSectorTransform (4.8s)
✔ [9914/11847] Built OAI.NumberTheory.DirichletL.Moments.FirstIdealFamily (4.9s)
✔ [9915/11847] Built OAI.NumberTheory.DirichletL.Detector.LowColumnBounds (5.4s)
✔ [9916/11847] Built OAI.NumberTheory.DirichletL.Moments.FirstLocalization (5.2s)
✔ [9917/11847] Built OAI.NumberTheory.DirichletL.Moments.AbsoluteEnergy (5.6s)
✔ [9918/11847] Built OAI.NumberTheory.DirichletL.Moments.FirstWholeKernel (5.9s)
✔ [9919/11847] Built OAI.NumberTheory.DirichletL.Moments.UniformDivisorShell (4.7s)
✔ [9920/11847] Built OAI.NumberTheory.DirichletL.Moments.SourceInputFirstSectorTailPair (5.8s)
✔ [9921/11847] Built OAI.NumberTheory.DirichletL.Detector.HighRowsExcluded (4.7s)
✔ [9922/11847] Built OAI.NumberTheory.DirichletL.Detector.FixedEuler (5.8s)
✔ [9923/11847] Built OAI.NumberTheory.DirichletL.Detector.LowSeparated (20s)
✔ [9924/11847] Built OAI.NumberTheory.DirichletL.Moments.AmplificationSlotGap (5.5s)
✔ [9925/11847] Built OAI.NumberTheory.DirichletL.Reflection.TupleFamily (6.6s)
✔ [9926/11847] Built OAI.NumberTheory.DirichletL.Reflection.Rows (6.4s)
✔ [9927/11847] Built OAI.NumberTheory.DirichletL.Detector.InitialScales (6.6s)
✔ [9928/11847] Built OAI.NumberTheory.DirichletL.Detector.InitialIntegral (6.5s)
✔ [9929/11847] Built OAI.NumberTheory.DirichletL.Moments.SourceLiveAllocation (6.4s)
✔ [9930/11847] Built OAI.NumberTheory.DirichletL.Detector.MarkedEuler (5.7s)
✔ [9931/11847] Built OAI.NumberTheory.DirichletL.CubicSieve.ExponentImprovement (6.1s)
✔ [9932/11847] Built OAI.NumberTheory.DirichletL.Moments.HeckeColumnWindow (5.4s)
✔ [9933/11847] Built OAI.NumberTheory.DirichletL.Hecke.PrimeBin (11s)
✔ [9934/11847] Built OAI.NumberTheory.DirichletL.Moments.FirstSectorLocalization (5.1s)
✔ [9935/11847] Built OAI.NumberTheory.DirichletL.Moments.UncenteredTerminal (5.2s)
✔ [9936/11847] Built OAI.NumberTheory.DirichletL.Moments.ZeroMeanBridge (5.8s)
✔ [9937/11847] Built OAI.NumberTheory.DirichletL.Moments.PositiveSummability (5.4s)
✔ [9938/11847] Built OAI.NumberTheory.DirichletL.Moments.FirstChildBound (5.8s)
✔ [9939/11847] Built OAI.NumberTheory.DirichletL.Moments.EligibleEnergy (5.1s)
✔ [9940/11847] Built OAI.NumberTheory.DirichletL.Moments.ExceptionalAllocationShell (6.7s)
✔ [9941/11847] Built OAI.NumberTheory.DirichletL.Detector.HighRowsLocal (5.2s)
✔ [9942/11847] Built OAI.NumberTheory.DirichletL.Hecke.DyadicScaledReflection (15s)
✔ [9943/11847] Built OAI.NumberTheory.DirichletL.Detector.LowCauchy (4.7s)
✔ [9944/11847] Built OAI.NumberTheory.DirichletL.Detector.HighLFactorization (5.7s)
✔ [9945/11847] Built OAI.NumberTheory.DirichletL.Detector.LowCompensation (5.3s)
✔ [9946/11847] Built WeightedQRH.PrincipalRemainderRegion (19s)
✔ [9947/11847] Built WeightedQRH.RegionalCorrection (19s)
✔ [9948/11847] Built OAI.NumberTheory.DirichletL.Detector.OuterMellin (5.1s)
✔ [9949/11847] Built OAI.NumberTheory.DirichletL.PrimeRows.ProfileIntegral (5.7s)
✔ [9950/11847] Built OAI.NumberTheory.DirichletL.Reflection.Moving (6.1s)
✔ [9951/11847] Built OAI.NumberTheory.DirichletL.Detector.ContourShear (5.2s)
✔ [9952/11847] Built OAI.NumberTheory.DirichletL.Detector.InitialSubseries (5.1s)
✔ [9953/11847] Built OAI.NumberTheory.DirichletL.Detector.MarkedLocal (5.5s)
✔ [9954/11847] Built OAI.NumberTheory.DirichletL.Moments.ConjugateWindow (4.9s)
✔ [9955/11847] Built OAI.NumberTheory.DirichletL.Moments.SecondChildProfile (5.1s)
✔ [9956/11847] Built OAI.NumberTheory.DirichletL.CubicSieve.Sharp (6.4s)
✔ [9957/11847] Built OAI.NumberTheory.DirichletL.Hecke.PrimeRay (5.6s)
✔ [9958/11847] Built OAI.NumberTheory.DirichletL.Moments.HeckeWindowEnergy (5.0s)
✔ [9959/11847] Built OAI.NumberTheory.DirichletL.Moments.InductionEnergy (4.9s)
✔ [9960/11847] Built OAI.NumberTheory.DirichletL.Moments.SourceInputFirstSectorTailAggregate (5.9s)
✔ [9961/11847] Built OAI.NumberTheory.DirichletL.Moments.FirstCommonTransport (6.4s)
✔ [9962/11847] Built OAI.NumberTheory.DirichletL.Moments.SupportedZeroEnergy (6.9s)
✔ [9963/11847] Built OAI.NumberTheory.DirichletL.Moments.FirstPhysicalSource (6.0s)
✔ [9964/11847] Built OAI.NumberTheory.DirichletL.Moments.SourceLiveColumn (10s)
✔ [9965/11847] Built OAI.NumberTheory.DirichletL.Moments.RadialEligibleEnergy (4.9s)
✔ [9966/11847] Built OAI.NumberTheory.DirichletL.PrimeRows.MarkedEuler (5.0s)
✔ [9967/11847] Built OAI.NumberTheory.DirichletL.Detector.HighRowsPrime (5.7s)
✔ [9968/11847] Built OAI.NumberTheory.DirichletL.Detector.SourceExclusions (4.0s)
✔ [9969/11847] Built OAI.NumberTheory.DirichletL.Detector.LowSelectedSum (5.1s)
✔ [9970/11847] Built OAI.NumberTheory.DirichletL.Detector.LowActualEnergies (5.2s)
✔ [9971/11847] Built OAI.NumberTheory.DirichletL.Detector.NestedMellin (5.3s)
✔ [9972/11847] Built OAI.NumberTheory.DirichletL.Reflection.Projections (5.6s)
✔ [9973/11847] Built OAI.NumberTheory.DirichletL.Detector.RawMellinTerm (5.0s)
✔ [9974/11847] Built OAI.NumberTheory.DirichletL.Detector.InitialProduct (5.9s)
✔ [9975/11847] Built OAI.NumberTheory.DirichletL.Moments.SecondHeightFamily (5.3s)
✔ [9976/11847] Built OAI.NumberTheory.DirichletL.Detector.MarkedRational (6.4s)
✔ [9977/11847] Built OAI.NumberTheory.DirichletL.Hecke.PrimeRow (5.7s)
✔ [9978/11847] Built OAI.NumberTheory.DirichletL.Descent.Sharp (6.6s)
✔ [9979/11847] Built OAI.NumberTheory.DirichletL.Moments.PlainWindowEnergy (5.9s)
✔ [9980/11847] Built OAI.NumberTheory.DirichletL.Moments.FirstCommonFourierTransport (5.3s)
✔ [9981/11847] Built OAI.NumberTheory.DirichletL.Moments.SourceZeroEnergy (5.3s)
✔ [9982/11847] Built OAI.NumberTheory.DirichletL.Moments.FirstPhysicalSourcePool (4.8s)
✔ [9983/11847] Built OAI.NumberTheory.DirichletL.Moments.FirstPhysicalSourceBound (5.5s)
✔ [9984/11847] Built OAI.NumberTheory.DirichletL.Moments.PrimeGlobal (8.9s)
✔ [9985/11847] Built OAI.NumberTheory.DirichletL.Moments.SourceRectangle (5.6s)
✔ [9986/11847] Built OAI.NumberTheory.DirichletL.Moments.SourceAllocationEnergy (4.4s)
✔ [9987/11847] Built OAI.NumberTheory.DirichletL.Moments.LiveSupport (4.7s)
✔ [9988/11847] Built OAI.NumberTheory.DirichletL.Moments.AllocationCost (5.3s)
✔ [9989/11847] Built OAI.NumberTheory.DirichletL.Moments.CoreFloor (4.5s)
✔ [9990/11847] Built WeightedQRH.PrincipalSlots (16s)
✔ [9991/11847] Built OAI.NumberTheory.DirichletL.Moments.SmoothedWindowEnergy (12s)
✔ [9992/11847] Built OAI.NumberTheory.DirichletL.PrimeRows.MarkedLocal (4.0s)
✔ [9993/11847] Built OAI.NumberTheory.DirichletL.PrimeRows.Valuation (4.0s)
✔ [9994/11847] Built OAI.NumberTheory.DirichletL.Detector.HighRowsZero (5.1s)
✔ [9995/11847] Built OAI.NumberTheory.DirichletL.Moments.RadialPointwiseEnergy (5.8s)
✔ [9996/11847] Built OAI.NumberTheory.DirichletL.Detector.LowSlotSplit (4.9s)
✔ [9997/11847] Built OAI.NumberTheory.DirichletL.Detector.MarkedProduct (5.9s)
✔ [9998/11847] Built OAI.NumberTheory.DirichletL.Detector.LowGramProfile (5.4s)
✔ [9999/11847] Built OAI.NumberTheory.DirichletL.Reflection.Actual (4.9s)
✔ [10000/11847] Built OAI.NumberTheory.DirichletL.Detector.PhysicalCrudeMass (6.4s)
✔ [10001/11847] Built OAI.NumberTheory.DirichletL.Hecke.DyadicSource (23s)
✔ [10002/11847] Built OAI.NumberTheory.DirichletL.Moments.SecondFamilyTransport (4.5s)
✔ [10003/11847] Built OAI.NumberTheory.DirichletL.Detector.RawPhysicalIntegral (4.0s)
✔ [10004/11847] Built OAI.NumberTheory.DirichletL.Detector.RawRadialJoin (5.7s)
✔ [10005/11847] Built OAI.NumberTheory.DirichletL.Hecke.PrimeNonprincipal (4.6s)
✔ [10006/11847] Built OAI.NumberTheory.DirichletL.Hecke.PrimeScale (4.9s)
✔ [10007/11847] Built OAI.NumberTheory.DirichletL.Moments.ExceptionalWindowPair (4.4s)
✔ [10008/11847] Built OAI.NumberTheory.DirichletL.Descent.InitializationEnergy (4.8s)
✔ [10009/11847] Built OAI.NumberTheory.DirichletL.Moments.RestrictedWindow (4.0s)
✔ [10010/11847] Built OAI.NumberTheory.DirichletL.Moments.FirstPhysicalSourceNormalization (4.8s)
⚠ [10011/11847] Built WeightedQRH.NumeratorSelectedCrude (8.3s)
warning: WeightedQRH/NumeratorSelectedCrude.lean:13:16: Variable name `hmesh` is not explicitly referenced.

Hint: The binding can be removed (if unused) or named `_` (if used implicitly). Alternatively, prefix the name with `_` to silence this warning:
  [apply] _hmesh

Note: This linter can be disabled with `set_option linter.unusedVariables false`
✔ [10012/11847] Built OAI.NumberTheory.DirichletL.Moments.SourceSecondZeroEnergy (6.1s)
✔ [10013/11847] Built OAI.NumberTheory.DirichletL.Moments.LiveDomain (5.2s)
✔ [10014/11847] Built OAI.NumberTheory.DirichletL.Moments.SourceSmoothedAllocation (5.3s)
✔ [10015/11847] Built OAI.NumberTheory.DirichletL.Moments.SourceRectangleMask (5.7s)
✔ [10016/11847] Built OAI.NumberTheory.DirichletL.Moments.CommonRawScale (5.8s)
✔ [10017/11847] Built OAI.NumberTheory.DirichletL.PrimeRows.Character (5.7s)
✔ [10018/11847] Built OAI.NumberTheory.DirichletL.Detector.HighRowsClosed (5.8s)
✔ [10019/11847] Built OAI.NumberTheory.DirichletL.Moments.RadialPointwiseUniform (5.5s)
✔ [10020/11847] Built OAI.NumberTheory.DirichletL.Detector.LowSlotPolynomial (5.5s)
✔ [10021/11847] Built OAI.NumberTheory.DirichletL.Detector.SpectralCompensation (4.8s)
✔ [10022/11847] Built OAI.NumberTheory.DirichletL.Detector.LowGramArithmetic (4.0s)
✔ [10023/11847] Built OAI.NumberTheory.DirichletL.Detector.LowGramPoisson (5.5s)
✔ [10024/11847] Built OAI.NumberTheory.DirichletL.Reflection.Columns (4.8s)
✔ [10025/11847] Built OAI.NumberTheory.DirichletL.Detector.GaussianPhysicalMass (5.3s)
✔ [10026/11847] Built OAI.NumberTheory.DirichletL.Detector.MixedFubini (5.6s)
✔ [10027/11847] Built OAI.NumberTheory.DirichletL.Hecke.DetectorDyadicBridge (5.7s)
✔ [10028/11847] Built OAI.NumberTheory.DirichletL.Hecke.DetectorRelativePrime (5.5s)
✔ [10029/11847] Built OAI.NumberTheory.DirichletL.Moments.ExceptionalIndexedWindow (5.7s)
✔ [10030/11847] Built OAI.NumberTheory.DirichletL.Descent.SecondEnergy (5.2s)
✔ [10031/11847] Built OAI.NumberTheory.DirichletL.Moments.AmplificationSource (5.5s)
✔ [10032/11847] Built OAI.NumberTheory.DirichletL.Inversion.InitialArithmetic (6.0s)
✔ [10033/11847] Built OAI.NumberTheory.DirichletL.Moments.RestrictedDomain (5.8s)
✔ [10034/11847] Built OAI.NumberTheory.DirichletL.Moments.CommonRawCost (5.9s)
✔ [10035/11847] Built OAI.NumberTheory.DirichletL.Detector.HighRowsActual (4.0s)
✔ [10036/11847] Built OAI.NumberTheory.DirichletL.PrimeRows.Principal (5.6s)
✔ [10037/11847] Built OAI.NumberTheory.DirichletL.PrimeRows.Euler (6.3s)
✔ [10038/11847] Built OAI.NumberTheory.DirichletL.Detector.LowSlotWeights (4.9s)
✔ [10039/11847] Built OAI.NumberTheory.DirichletL.Detector.CompensationActual (5.4s)
⚠ [10040/11847] Built WeightedQRH.NumeratorLocalCoefficients (7.2s)
warning: WeightedQRH/NumeratorLocalCoefficients.lean:140:4: `if_false` has been deprecated: Use `ite_false` instead
✔ [10041/11847] Built OAI.NumberTheory.DirichletL.Detector.LowGramFixedCoefficient (4.9s)
✔ [10042/11847] Built OAI.NumberTheory.DirichletL.Detector.LowGramDiagonal (5.1s)
✔ [10043/11847] Built OAI.NumberTheory.DirichletL.Reflection.BoundedTemplates (4.8s)
✔ [10044/11847] Built OAI.NumberTheory.DirichletL.Moments.TwistedReflection (4.4s)
✔ [10045/11847] Built OAI.NumberTheory.DirichletL.Detector.RawIndexGrouping (4.4s)
✔ [10046/11847] Built OAI.NumberTheory.DirichletL.Hecke.DetectorDyadicSupport (4.9s)
✔ [10047/11847] Built OAI.NumberTheory.DirichletL.Moments.ExceptionalWholeWindow (4.6s)
✔ [10048/11847] Built OAI.NumberTheory.DirichletL.Descent.SecondPass (4.3s)
✔ [10049/11847] Built OAI.NumberTheory.DirichletL.Moments.AmplificationSourceDomain (4.5s)
✔ [10050/11847] Built OAI.NumberTheory.DirichletL.Descent.TripleMass (5.2s)
✔ [10051/11847] Built OAI.NumberTheory.DirichletL.PrimeRows.MarkedProduct (4.3s)
✔ [10052/11847] Built OAI.NumberTheory.DirichletL.Detector.HighRowsUnramified (4.9s)
✔ [10053/11847] Built OAI.NumberTheory.DirichletL.Moments.OriginalChildEnergy (15s)
✔ [10054/11847] Built OAI.NumberTheory.DirichletL.PrimeRows.Conductor (4.7s)
✔ [10055/11847] Built OAI.NumberTheory.DirichletL.Inversion.InitialKernelBridge (6.1s)
✔ [10056/11847] Built OAI.NumberTheory.DirichletL.Detector.GramNumerator (4.6s)
✔ [10057/11847] Built OAI.NumberTheory.DirichletL.Moments.PrimeHeight (19s)
⚠ [10058/11847] Built WeightedQRH.NumeratorPolynomialMass (6.6s)
warning: WeightedQRH/NumeratorPolynomialMass.lean:135:24: This simp argument is unused:
  hI3

Hint: Omit it from the simp argument list.
  [apply] simp [Complex.I_sq, hI4]

Note: This linter can be disabled with `set_option linter.unusedSimpArgs false`
warning: WeightedQRH/NumeratorPolynomialMass.lean:147:24: This simp argument is unused:
  hI3

Hint: Omit it from the simp argument list.
  [apply] simp [Complex.I_sq, hI4]

Note: This linter can be disabled with `set_option linter.unusedSimpArgs false`
✔ [10059/11847] Built OAI.NumberTheory.DirichletL.Reflection.FrozenNorms (5.7s)
✔ [10060/11847] Built OAI.NumberTheory.DirichletL.PrincipalSignalComparison (7.7s)
✔ [10061/11847] Built OAI.NumberTheory.DirichletL.Detector.FiniteProductBounds (7.0s)
✔ [10062/11847] Built OAI.NumberTheory.DirichletL.Moments.RetainedReflection (6.1s)
✔ [10063/11847] Built OAI.NumberTheory.DirichletL.Detector.RawArithmetic (5.7s)
✔ [10064/11847] Built OAI.NumberTheory.DirichletL.Detector.OuterIndex (5.5s)
✔ [10065/11847] Built OAI.NumberTheory.DirichletL.Detector.RawNesting (6.5s)
✔ [10066/11847] Built OAI.NumberTheory.DirichletL.Hecke.DetectorFrequency (6.3s)
✔ [10067/11847] Built OAI.NumberTheory.DirichletL.Hecke.DetectorDyadicProfiles (6.5s)
✔ [10068/11847] Built OAI.NumberTheory.DirichletL.Descent.FreshWindows (5.1s)
✔ [10069/11847] Built OAI.NumberTheory.DirichletL.Descent.FirstPass (5.2s)
✔ [10070/11847] Built OAI.NumberTheory.DirichletL.Moments.AmplificationSourcePool (4.6s)
✔ [10071/11847] Built OAI.NumberTheory.DirichletL.Moments.AmplificationSourcePolynomial (4.5s)
✔ [10072/11847] Built OAI.NumberTheory.DirichletL.Descent.SecondCauchy (4.4s)
✔ [10073/11847] Built OAI.NumberTheory.DirichletL.Inversion.InitialQuotientGeometry (5.1s)
✔ [10074/11847] Built OAI.NumberTheory.DirichletL.PrimeRows.MarkedNormalization (4.6s)
✔ [10075/11847] Built OAI.NumberTheory.DirichletL.Detector.HighRowsRegion (5.3s)
✔ [10076/11847] Built OAI.NumberTheory.DirichletL.Moments.SecondSourceEnergy (4.7s)
✔ [10077/11847] Built OAI.NumberTheory.DirichletL.Moments.GaussNormalization (4.6s)
✔ [10078/11847] Built OAI.NumberTheory.DirichletL.Detector.GramJointFixed (4.6s)
✔ [10079/11847] Built OAI.NumberTheory.DirichletL.Detector.RowRadicalConductor (6.8s)
✔ [10080/11847] Built OAI.NumberTheory.DirichletL.Reflection.NormalizedColumns (4.6s)
✔ [10081/11847] Built OAI.NumberTheory.DirichletL.Inversion.InitialRayAttachment (5.7s)
✔ [10082/11847] Built OAI.NumberTheory.DirichletL.Detector.PrincipalNormalizer (4.5s)
✔ [10083/11847] Built OAI.NumberTheory.DirichletL.PrimeRows.ReciprocalGrowth (7.7s)
✔ [10084/11847] Built OAI.NumberTheory.DirichletL.Detector.SixthArray (4.4s)
✔ [10085/11847] Built OAI.NumberTheory.DirichletL.Detector.FiniteProductX (4.0s)
✔ [10086/11847] Built OAI.NumberTheory.DirichletL.Moments.AmplificationLiveMask (9.6s)
✔ [10087/11847] Built OAI.NumberTheory.DirichletL.Detector.RawNestedJoin (5.4s)
✔ [10088/11847] Built OAI.NumberTheory.DirichletL.Hecke.DetectorFrequencyTail (5.0s)
✔ [10089/11847] Built OAI.NumberTheory.DirichletL.Descent.SecondSeparatedColumns (5.0s)
✔ [10090/11847] Built OAI.NumberTheory.DirichletL.Descent.FirstActualEnergy (4.0s)
✔ [10091/11847] Built OAI.NumberTheory.DirichletL.Hecke.DetectorDyadicCutoff (5.5s)
✔ [10092/11847] Built OAI.NumberTheory.DirichletL.Moments.RestrictedSource (14s)
⚠ [10093/11847] Built WeightedQRH.PrincipalSignal (10s)
warning: WeightedQRH/PrincipalSignal.lean:117:2: Unused tactic linter: `push_cast` does nothing

Note: This linter can be disabled with `set_option linter.unusedTactic false`
warning: WeightedQRH/PrincipalSignal.lean:256:2: Unused tactic linter: `push_cast` does nothing

Note: This linter can be disabled with `set_option linter.unusedTactic false`
✔ [10094/11847] Built OAI.NumberTheory.DirichletL.PrimeRows.FiniteNormalization (5.6s)
✔ [10095/11847] Built OAI.NumberTheory.DirichletL.PrimeRows.Unramified (5.9s)
✔ [10096/11847] Built WeightedQRH.PrincipalRemainderFiniteProduct (11s)
✔ [10097/11847] Built OAI.NumberTheory.DirichletL.Detector.HighRowsScalarBounds (6.6s)
✔ [10098/11847] Built OAI.NumberTheory.DirichletL.Moments.AmplificationSourceError (6.4s)
✔ [10099/11847] Built OAI.NumberTheory.DirichletL.Reflection.FamilyFactorization (4.6s)
✔ [10100/11847] Built OAI.NumberTheory.DirichletL.Moments.SecondSourcePoisson (5.0s)
✔ [10101/11847] Built OAI.NumberTheory.DirichletL.Detector.GramJoint (5.2s)
✔ [10102/11847] Built OAI.NumberTheory.DirichletL.Reflection.ActualBounds (5.3s)
✔ [10103/11847] Built OAI.NumberTheory.DirichletL.Inversion.InitialEnergyCallerSelector (4.8s)
✔ [10104/11847] Built OAI.NumberTheory.DirichletL.Detector.PrincipalResidueActual (4.9s)
✔ [10105/11847] Built OAI.NumberTheory.DirichletL.Inversion.InitialZeroMode (5.8s)
✔ [10106/11847] Built OAI.NumberTheory.DirichletL.Detector.SixthSeries (4.5s)
✔ [10107/11847] Built OAI.NumberTheory.DirichletL.Moments.AmplificationAllocationCost (4.8s)
✔ [10108/11847] Built OAI.NumberTheory.DirichletL.Detector.PhysicalRawIntegral (5.4s)
✔ [10109/11847] Built OAI.NumberTheory.DirichletL.Inversion.InitialOverlapInputFourier (5.2s)
✔ [10110/11847] Built OAI.NumberTheory.DirichletL.Descent.SecondSourceProfile (5.3s)
✔ [10111/11847] Built OAI.NumberTheory.DirichletL.Inversion.InitialClippedColumns (5.6s)
✔ [10112/11847] Built OAI.NumberTheory.DirichletL.Descent.SecondFreshAssembly (4.0s)
✔ [10113/11847] Built OAI.NumberTheory.DirichletL.Descent.FirstCoupledReindex (5.2s)
✔ [10114/11847] Built OAI.NumberTheory.DirichletL.Hecke.DetectorCommonFrequency (7.2s)
✔ [10115/11847] Built OAI.NumberTheory.DirichletL.Hecke.DetectorDyadicActual (5.0s)
✔ [10116/11847] Built OAI.NumberTheory.DirichletL.Moments.SourceRectangleEnergy (4.2s)
✔ [10117/11847] Built OAI.NumberTheory.DirichletL.Inversion.InitialConjugateEnergy (12s)
✔ [10118/11847] Built OAI.NumberTheory.DirichletL.PrimeRows.Ideal (4.2s)
✔ [10119/11847] Built OAI.NumberTheory.DirichletL.Detector.PrincipalContours (13s)
✔ [10120/11847] Built OAI.NumberTheory.DirichletL.Detector.HighRowsTermBounds (4.0s)
✔ [10121/11847] Built OAI.NumberTheory.DirichletL.Moments.AmplificationErrorPool (4.9s)
✔ [10122/11847] Built OAI.NumberTheory.DirichletL.Moments.AmplificationFamily (5.2s)
✔ [10123/11847] Built OAI.NumberTheory.DirichletL.Moments.SecondSectorColumns (5.3s)
✔ [10124/11847] Built OAI.NumberTheory.DirichletL.Reflection.Energy (4.3s)
✔ [10125/11847] Built OAI.NumberTheory.DirichletL.Detector.GramJointSource (5.2s)
✔ [10126/11847] Built OAI.NumberTheory.DirichletL.Moments.RestrictedSourceNormalization (8.0s)
✔ [10127/11847] Built OAI.NumberTheory.DirichletL.Moments.AmplificationLiveEnergy (14s)
✔ [10128/11847] Built OAI.NumberTheory.DirichletL.Inversion.InitialZeroModePhysical (5.1s)
✔ [10129/11847] Built WeightedQRH.PrincipalRemainderFiniteProductX (8.8s)
✔ [10130/11847] Built OAI.NumberTheory.DirichletL.Moments.SecondWholeKernel (7.0s)
✔ [10131/11847] Built OAI.NumberTheory.DirichletL.Moments.AmplificationAllocationScale (5.1s)
✔ [10132/11847] Built OAI.NumberTheory.DirichletL.Detector.RaySlots (5.3s)
✔ [10133/11847] Built OAI.NumberTheory.DirichletL.Detector.RawSourceIntegral (5.4s)
✔ [10134/11847] Built OAI.NumberTheory.DirichletL.Inversion.InitialMarkedInputEnergy (5.2s)
✔ [10135/11847] Built OAI.NumberTheory.DirichletL.Inversion.InitialOverlapHeight (5.6s)
✔ [10136/11847] Built OAI.NumberTheory.DirichletL.Descent.SecondWeights (5.5s)
✔ [10137/11847] Built OAI.NumberTheory.DirichletL.Descent.SecondGenerator (5.2s)
✔ [10138/11847] Built OAI.NumberTheory.DirichletL.Inversion.InitialEnergyCallerCanonical (5.3s)
✔ [10139/11847] Built OAI.NumberTheory.DirichletL.Descent.SecondBalancedSource (4.8s)
✔ [10140/11847] Built OAI.NumberTheory.DirichletL.Descent.SecondVaryingDensity (5.2s)
✔ [10141/11847] Built WeightedQRH.PrincipalRemainderResidueActual (9.0s)
✔ [10142/11847] Built OAI.NumberTheory.DirichletL.Descent.FirstCommonProfile (5.2s)
✔ [10143/11847] Built OAI.NumberTheory.DirichletL.Hecke.DetectorNormalized (4.7s)
✔ [10144/11847] Built OAI.NumberTheory.DirichletL.Moments.RadialSourceDictionary (4.6s)
✔ [10145/11847] Built OAI.NumberTheory.DirichletL.Moments.DetectorPlainSource (4.0s)
✔ [10146/11847] Built OAI.NumberTheory.DirichletL.Moments.SourceAbsoluteEnvelope (4.8s)
✔ [10147/11847] Built OAI.NumberTheory.DirichletL.Inversion.InitialRawDictionary (4.0s)
✔ [10148/11847] Built OAI.NumberTheory.DirichletL.Detector.HighRowsRamified (5.0s)
✔ [10149/11847] Built OAI.NumberTheory.DirichletL.Moments.AmplificationErrorEnergy (6.0s)
✔ [10150/11847] Built OAI.NumberTheory.DirichletL.Inversion.InitialPhysicalMeasure (7.4s)
✔ [10151/11847] Built OAI.NumberTheory.DirichletL.Moments.FirstRetainedSector (6.3s)
✔ [10152/11847] Built OAI.NumberTheory.DirichletL.Moments.AmplificationFamilyEnergy (6.7s)
✔ [10153/11847] Built OAI.NumberTheory.DirichletL.Moments.SecondCanonical (6.5s)
✔ [10154/11847] Built OAI.NumberTheory.DirichletL.Detector.PrincipalTransport (7.9s)
✔ [10155/11847] Built OAI.NumberTheory.DirichletL.Reflection.SourceSum (6.1s)
✔ [10156/11847] Built OAI.NumberTheory.DirichletL.Detector.GramGcd (5.8s)
✔ [10157/11847] Built OAI.NumberTheory.DirichletL.Detector.GramJointMean (6.0s)
✔ [10158/11847] Built OAI.NumberTheory.DirichletL.Moments.SecondSectorChildren (7.8s)
✔ [10159/11847] Built OAI.NumberTheory.DirichletL.Inversion.InitialZeroModeBudget (5.7s)
✔ [10160/11847] Built OAI.NumberTheory.DirichletL.Moments.LogDyadic (4.5s)
✔ [10161/11847] Built OAI.NumberTheory.DirichletL.Moments.SecondTail (5.3s)
✔ [10162/11847] Built OAI.NumberTheory.DirichletL.Detector.RayPoolGood (4.6s)
✔ [10163/11847] Built OAI.NumberTheory.DirichletL.Detector.SourceTriple (4.7s)
✔ [10164/11847] Built OAI.NumberTheory.DirichletL.Detector.RayNormalization (5.2s)
✔ [10165/11847] Built OAI.NumberTheory.DirichletL.Detector.RayPhaseAmplitude (5.3s)
✔ [10166/11847] Built OAI.NumberTheory.DirichletL.Inversion.InitialEnergyCallerOpposite (4.3s)
✔ [10167/11847] Built OAI.NumberTheory.DirichletL.Descent.SecondSourceTuples (5.1s)
✔ [10168/11847] Built OAI.NumberTheory.DirichletL.Inversion.InitialEnergyCallerFamily (4.8s)
✔ [10169/11847] Built OAI.NumberTheory.DirichletL.Descent.SecondVaryingBalanced (4.7s)
✔ [10170/11847] Built OAI.NumberTheory.DirichletL.Descent.FirstPhysicalCommon (4.7s)
✔ [10171/11847] Built OAI.NumberTheory.DirichletL.Inversion.InitialEnergyCallerWindow (5.0s)
✔ [10172/11847] Built OAI.NumberTheory.DirichletL.PrimeRows.Ramified (5.2s)
✔ [10173/11847] Built OAI.NumberTheory.DirichletL.Inversion.InitialExcludedPolynomial (5.4s)
✔ [10174/11847] Built OAI.NumberTheory.DirichletL.Detector.HighRowsHolomorphic (5.4s)
✔ [10175/11847] Built OAI.NumberTheory.DirichletL.Hecke.DetectorSaturation (6.6s)
✔ [10176/11847] Built OAI.NumberTheory.DirichletL.Inversion.InitialProfileBounds (4.7s)
✔ [10177/11847] Built OAI.NumberTheory.DirichletL.Inversion.InitialRetainedSupport (5.4s)
✔ [10178/11847] Built OAI.NumberTheory.DirichletL.Inversion.InitialEnergyCallerWeights (4.9s)
✔ [10179/11847] Built OAI.NumberTheory.DirichletL.Moments.AmplificationActiveFactor (4.4s)
✔ [10180/11847] Built OAI.NumberTheory.DirichletL.Inversion.InitialHighFrequencyTailKernel (7.0s)
✔ [10181/11847] Built OAI.NumberTheory.DirichletL.Moments.FirstCanonicalAllowance (4.3s)
✔ [10182/11847] Built OAI.NumberTheory.DirichletL.Moments.AmplificationChildEnergy (15s)
✔ [10183/11847] Built OAI.NumberTheory.DirichletL.Reflection.Extraction (4.4s)
✔ [10184/11847] Built OAI.NumberTheory.DirichletL.Moments.SecondCanonicalFrequency (4.8s)
✔ [10185/11847] Built OAI.NumberTheory.DirichletL.Detector.GramFrequency (5.0s)
✔ [10186/11847] Built OAI.NumberTheory.DirichletL.Detector.GramIdealDilation (5.7s)
✔ [10187/11847] Built OAI.NumberTheory.DirichletL.Detector.GramJointPeriod (5.5s)
✔ [10188/11847] Built OAI.NumberTheory.DirichletL.Moments.SecondSectorEnergy (5.6s)
✔ [10189/11847] Built OAI.NumberTheory.DirichletL.Detector.TupleScaling (5.2s)
✔ [10190/11847] Built OAI.NumberTheory.DirichletL.Moments.SupportedTailAggregate (6.1s)
✔ [10191/11847] Built WeightedQRH.PrincipalRemainderContours (20s)
✔ [10192/11847] Built OAI.NumberTheory.DirichletL.Detector.SourceIntegrable (5.6s)
✔ [10193/11847] Built OAI.NumberTheory.DirichletL.Detector.RayPoolDisjoint (5.8s)
✔ [10194/11847] Built OAI.NumberTheory.DirichletL.Detector.PrincipalRemainderBounds (10s)
✔ [10195/11847] Built OAI.NumberTheory.DirichletL.Descent.CubeSource (5.6s)
✔ [10196/11847] Built OAI.NumberTheory.DirichletL.Inversion.InitialEnergyCallerModes (5.8s)
✔ [10197/11847] Built OAI.NumberTheory.DirichletL.Descent.FirstCanonicalPhysical (5.4s)
✔ [10198/11847] Built OAI.NumberTheory.DirichletL.Descent.FirstCommonMeasure (4.7s)
✔ [10199/11847] Built OAI.NumberTheory.DirichletL.Inversion.InitialCommonForcing (4.9s)
✔ [10200/11847] Built OAI.NumberTheory.DirichletL.PrimeRows.Product (4.6s)
✔ [10201/11847] Built OAI.NumberTheory.DirichletL.Inversion.InitialExcludedEnergy (4.7s)
✔ [10202/11847] Built OAI.NumberTheory.DirichletL.Inversion.InitialExcludedPeriod (4.7s)
✔ [10203/11847] Built OAI.NumberTheory.DirichletL.Detector.HighRowsFirstHolomorphic (5.2s)
✔ [10204/11847] Built OAI.NumberTheory.DirichletL.Detector.HighRowsSharpScalar (4.8s)
✔ [10205/11847] Built OAI.NumberTheory.DirichletL.Hecke.DetectorDyadicLengths (4.5s)
✔ [10206/11847] Built OAI.NumberTheory.DirichletL.Inversion.InitialHighFrequencyTailWeights (4.4s)
✔ [10207/11847] Built OAI.NumberTheory.DirichletL.Hecke.DetectorDyadicGeometry (5.2s)
✔ [10208/11847] Built OAI.NumberTheory.DirichletL.Inversion.InitialHighFrequencyTailInfinite (4.3s)
✔ [10209/11847] Built OAI.NumberTheory.DirichletL.Moments.AmplificationActiveFamily (4.6s)
✔ [10210/11847] Built OAI.NumberTheory.DirichletL.Moments.FirstPhysicalLedger (4.3s)
✔ [10211/11847] Built OAI.NumberTheory.DirichletL.Inversion.InitialHighFrequencyTailAnnulus (4.8s)
✔ [10212/11847] Built OAI.NumberTheory.DirichletL.Reflection.ExtractedKernel (4.4s)
✔ [10213/11847] Built OAI.NumberTheory.DirichletL.Inversion.InitialHighFrequencyTailScale (5.4s)
✔ [10214/11847] Built OAI.NumberTheory.DirichletL.Moments.SecondCanonicalNonunit (4.2s)
✔ [10215/11847] Built OAI.NumberTheory.DirichletL.Detector.GramGcdSource (4.0s)
✔ [10216/11847] Built OAI.NumberTheory.DirichletL.Detector.GramPrimeSeparation (4.1s)
✔ [10217/11847] Built OAI.NumberTheory.DirichletL.Detector.GramMobiusPool (4.4s)
✔ [10218/11847] Built OAI.NumberTheory.DirichletL.Moments.SecondWindowSource (3.9s)
✔ [10219/11847] Built OAI.NumberTheory.DirichletL.Detector.TupleProducts (3.0s)
✔ [10220/11847] Built OAI.NumberTheory.DirichletL.Moments.SecondLiveEnergy (4.7s)
✔ [10221/11847] Built OAI.NumberTheory.DirichletL.Moments.SecondLocalization (4.6s)
✔ [10222/11847] Built OAI.NumberTheory.DirichletL.Detector.RayPoolThresholds (4.5s)
✔ [10223/11847] Built OAI.NumberTheory.DirichletL.Detector.TupleMellin (4.8s)
✔ [10224/11847] Built OAI.NumberTheory.DirichletL.Descent.CubeSupportNorm (4.3s)
✔ [10225/11847] Built OAI.NumberTheory.DirichletL.Descent.SecondSourceEncoding (4.6s)
✔ [10226/11847] Built OAI.NumberTheory.DirichletL.Inversion.InitialEnergyCallerSource (4.4s)
✔ [10227/11847] Built OAI.NumberTheory.DirichletL.Detector.HighRowsFirstRegion (13s)
✔ [10228/11847] Built OAI.NumberTheory.DirichletL.Descent.FirstCommonColumns (4.3s)
✔ [10229/11847] Built OAI.NumberTheory.DirichletL.Inversion.InitialCommonTuples (4.3s)
✔ [10230/11847] Built OAI.NumberTheory.DirichletL.Descent.FirstRetainedPhysical (4.7s)
✔ [10231/11847] Built OAI.NumberTheory.DirichletL.PrimeRows.Continuation (4.7s)
✔ [10232/11847] Built OAI.NumberTheory.DirichletL.Inversion.InitialExcludedElement (4.8s)
✔ [10233/11847] Built WeightedQRH.PrincipalRemainderTransport (9.6s)
✔ [10234/11847] Built OAI.NumberTheory.DirichletL.Inversion.InitialHighFrequencyTailSource (4.8s)
✔ [10235/11847] Built OAI.NumberTheory.DirichletL.Hecke.DetectorWitnessRows (4.7s)
✔ [10236/11847] Built OAI.NumberTheory.DirichletL.Hecke.DetectorRowCount (4.4s)
✔ [10237/11847] Built OAI.NumberTheory.DirichletL.Reflection.ExtractedRow (4.8s)
✔ [10238/11847] Built OAI.NumberTheory.DirichletL.Inversion.InitialHighFrequencyTailPower (4.8s)
✔ [10239/11847] Built OAI.NumberTheory.DirichletL.Moments.SecondCanonicalLedger (4.4s)
✔ [10240/11847] Built OAI.NumberTheory.DirichletL.Detector.GramPrimaryLattice (4.6s)
✔ [10241/11847] Built OAI.NumberTheory.DirichletL.Hecke.DetectorRowCountCrossing (7.7s)
✔ [10242/11847] Built OAI.NumberTheory.DirichletL.Detector.GramResidue (4.8s)
✔ [10243/11847] Built OAI.NumberTheory.DirichletL.Moments.SecondWindowBudget (4.5s)
✔ [10244/11847] Built OAI.NumberTheory.DirichletL.Detector.HighRowsFirstTerms (9.8s)
✔ [10245/11847] Built OAI.NumberTheory.DirichletL.Moments.CanonicalRetainedSource (4.1s)
✔ [10246/11847] Built OAI.NumberTheory.DirichletL.Moments.ActiveSource (4.2s)
✔ [10247/11847] Built OAI.NumberTheory.DirichletL.Detector.TupleRows (3.0s)
✔ [10248/11847] Built OAI.NumberTheory.DirichletL.Descent.FirstTailAggregation (5.4s)
✔ [10249/11847] Built OAI.NumberTheory.DirichletL.Descent.FirstMarkedZeroSource (4.4s)
✔ [10250/11847] Built OAI.NumberTheory.DirichletL.Moments.FirstAmplificationChoice (11s)
✔ [10251/11847] Built OAI.NumberTheory.DirichletL.Descent.SecondFixedFamily (4.4s)
✔ [10252/11847] Built WeightedQRH.PrincipalRemainderRayThresholds (6.8s)
✔ [10253/11847] Built OAI.NumberTheory.DirichletL.Descent.ActualSecondEnergy (4.7s)
✔ [10254/11847] Built OAI.NumberTheory.DirichletL.PrimeRows.FirstTail (4.6s)
✔ [10255/11847] Built OAI.NumberTheory.DirichletL.Inversion.InitialPhysicalReassembly (4.0s)
✔ [10256/11847] Built OAI.NumberTheory.DirichletL.Descent.FirstCommonChild (4.2s)
✔ [10257/11847] Built OAI.NumberTheory.DirichletL.Inversion.InitialCommonLists (4.0s)
✔ [10258/11847] Built OAI.NumberTheory.DirichletL.Inversion.InitialCommonRatios (4.1s)
✔ [10259/11847] Built OAI.NumberTheory.DirichletL.Descent.FirstBlocks (4.3s)
✔ [10260/11847] Built OAI.NumberTheory.DirichletL.Hecke.DetectorSimultaneousSupport (17s)
✔ [10261/11847] Built OAI.NumberTheory.DirichletL.Detector.HighRowsSelectedError (7.7s)
✔ [10262/11847] Built OAI.NumberTheory.DirichletL.Descent.ReopenedPhysicalSplit (4.5s)
✔ [10263/11847] Built OAI.NumberTheory.DirichletL.Inversion.InitialHighFrequencyTailAggregate (3.0s)
✔ [10264/11847] Built OAI.NumberTheory.DirichletL.PrimeRows.Agreement (4.6s)
✔ [10265/11847] Built OAI.NumberTheory.DirichletL.Inversion.InitialHighFrequencyTailCoefficient (4.5s)
✔ [10266/11847] Built OAI.NumberTheory.DirichletL.Hecke.DetectorRowwise (4.4s)
✔ [10267/11847] Built OAI.NumberTheory.DirichletL.Reflection.ExtractedEnergy (4.8s)
✔ [10268/11847] Built OAI.NumberTheory.DirichletL.Moments.SecondMovingSupport (4.9s)
✔ [10269/11847] Built OAI.NumberTheory.DirichletL.Moments.SecondExceptionalCount (4.9s)
✔ [10270/11847] Built OAI.NumberTheory.DirichletL.Moments.SecondCanonicalScalar (5.1s)
✔ [10271/11847] Built OAI.NumberTheory.DirichletL.Moments.SecondSectorFrequency (5.2s)
✔ [10272/11847] Built OAI.NumberTheory.DirichletL.Detector.GramLatticeSource (5.6s)
✔ [10273/11847] Built OAI.NumberTheory.DirichletL.Detector.HighRowsFirstNeighborhood (13s)
✔ [10274/11847] Built OAI.NumberTheory.DirichletL.Detector.GramNonexceptionalBlock (5.9s)
✔ [10275/11847] Built OAI.NumberTheory.DirichletL.Hecke.DetectorSlotSelection (8.0s)
✔ [10276/11847] Built OAI.NumberTheory.DirichletL.Detector.GramShell (7.9s)
✔ [10277/11847] Built OAI.NumberTheory.DirichletL.Moments.FirstRetainedActive (4.9s)
✔ [10278/11847] Built OAI.NumberTheory.DirichletL.Detector.TupleKernel (4.9s)
✔ [10279/11847] Built OAI.NumberTheory.DirichletL.Moments.SecondActiveCount (4.0s)
✔ [10280/11847] Built OAI.NumberTheory.DirichletL.Detector.HighRowsFirstRamified (5.8s)
✔ [10281/11847] Built OAI.NumberTheory.DirichletL.Moments.CommonRadialData (5.5s)
✔ [10282/11847] Built OAI.NumberTheory.DirichletL.Detector.TuplePrime (4.8s)
✔ [10283/11847] Built OAI.NumberTheory.DirichletL.Descent.FirstRapidPhysicalTail (4.8s)
⚠ [10284/11847] Built WeightedQRH.PrincipalRemainderBounds (16s)
warning: WeightedQRH/PrincipalRemainderBounds.lean:529:31: Used `tac1 <;> tac2` where `(tac1; tac2)` would suffice

Note: This linter can be disabled with `set_option linter.unnecessarySeqFocus false`
warning: WeightedQRH/PrincipalRemainderBounds.lean:536:39: Used `tac1 <;> tac2` where `(tac1; tac2)` would suffice

Note: This linter can be disabled with `set_option linter.unnecessarySeqFocus false`
warning: WeightedQRH/PrincipalRemainderBounds.lean:543:39: Used `tac1 <;> tac2` where `(tac1; tac2)` would suffice

Note: This linter can be disabled with `set_option linter.unnecessarySeqFocus false`
✔ [10285/11847] Built OAI.NumberTheory.DirichletL.Moments.FirstPhysicalSourceOriginalData (5.9s)
✔ [10286/11847] Built OAI.NumberTheory.DirichletL.Moments.AmplifiedRetainedRadius (4.9s)
✔ [10287/11847] Built OAI.NumberTheory.DirichletL.Hecke.DetectorRowCountOptimization (13s)
✔ [10288/11847] Built OAI.NumberTheory.DirichletL.PrimeRows.FirstProduct (4.9s)
✔ [10289/11847] Built OAI.NumberTheory.DirichletL.ParametersFixedSource (4.9s)
✔ [10290/11847] Built OAI.NumberTheory.DirichletL.Descent.SecondCanonicalChild (5.4s)
✔ [10291/11847] Built OAI.NumberTheory.DirichletL.Descent.FirstFreshEnergy (5.1s)
✔ [10292/11847] Built OAI.NumberTheory.DirichletL.Inversion.InitialPhysicalLimit (5.3s)
✔ [10293/11847] Built OAI.NumberTheory.DirichletL.Inversion.InitialCommonProfile (5.0s)
✔ [10294/11847] Built OAI.NumberTheory.DirichletL.Descent.FirstBalancedSource (4.0s)
✔ [10295/11847] Built OAI.NumberTheory.DirichletL.Descent.FirstBlockEnergy (4.0s)
✔ [10296/11847] Built OAI.NumberTheory.DirichletL.Hecke.DetectorSupportedWitness (4.6s)
✔ [10297/11847] Built OAI.NumberTheory.DirichletL.Descent.ReopenedPhysicalEnergy (5.0s)
✔ [10298/11847] Built OAI.NumberTheory.DirichletL.Detector.HighRowsSelectedUnramified (5.6s)
✔ [10299/11847] Built OAI.NumberTheory.DirichletL.Hecke.DetectorRowwiseChain (5.5s)
✔ [10300/11847] Built OAI.NumberTheory.DirichletL.Inversion.InitialHighFrequencyTailFiber (5.5s)
✔ [10301/11847] Built OAI.NumberTheory.DirichletL.Reflection.WeightedEnergy (5.0s)
✔ [10302/11847] Built OAI.NumberTheory.DirichletL.Reflection.SourceFamily (5.4s)
✔ [10303/11847] Built OAI.NumberTheory.DirichletL.Hecke.DetectorRowwisePolynomial (5.9s)
✔ [10304/11847] Built OAI.NumberTheory.DirichletL.Moments.ExceptionalCappedAmplitude (5.5s)
✔ [10305/11847] Built OAI.NumberTheory.DirichletL.Moments.SecondSixthReduction (4.6s)
✔ [10306/11847] Built OAI.NumberTheory.DirichletL.Moments.FixedQForcingCount (5.6s)
✔ [10307/11847] Built OAI.NumberTheory.DirichletL.Moments.SecondSectorRetained (4.7s)
✔ [10308/11847] Built OAI.NumberTheory.DirichletL.Detector.GramMobiusLattice (4.1s)
✔ [10309/11847] Built OAI.NumberTheory.DirichletL.Moments.AmplificationRadicalFamily (15s)
✔ [10310/11847] Built OAI.NumberTheory.DirichletL.Hecke.PrimeAmplitudeBins (4.8s)
✔ [10311/11847] Built OAI.NumberTheory.DirichletL.Detector.GramAnnularCount (4.3s)
✔ [10312/11847] Built OAI.NumberTheory.DirichletL.Moments.SlotRemoval (4.8s)
✔ [10313/11847] Built OAI.NumberTheory.DirichletL.Moments.OriginalCommonHarmonic (4.6s)
✔ [10314/11847] Built OAI.NumberTheory.DirichletL.Moments.CommonRadialSource (4.9s)
✔ [10315/11847] Built OAI.NumberTheory.DirichletL.PrimeRows.MarkedSubset (4.9s)
✔ [10316/11847] Built OAI.NumberTheory.DirichletL.Detector.TuplePrincipal (4.2s)
✔ [10317/11847] Built OAI.NumberTheory.DirichletL.Detector.CanonicalSlots (4.6s)
✔ [10318/11847] Built OAI.NumberTheory.DirichletL.Moments.CommonRadialCost (6.6s)
✔ [10319/11847] Built OAI.NumberTheory.DirichletL.Moments.FirstPhysicalSourceOriginalColumn (4.2s)
✔ [10320/11847] Built OAI.NumberTheory.DirichletL.Moments.FirstAllocationGaussEnergy (4.0s)
✔ [10321/11847] Built OAI.NumberTheory.DirichletL.Moments.CommonRadiusSaving (4.9s)
✔ [10322/11847] Built OAI.NumberTheory.DirichletL.Detector.HighRowsSelectedTerms (10s)
✔ [10323/11847] Built OAI.NumberTheory.DirichletL.PrimeRows.FirstContinuation (4.7s)
✔ [10324/11847] Built OAI.NumberTheory.DirichletL.Hecke.DetectorRowCountEndpoint (6.2s)
✔ [10325/11847] Built OAI.NumberTheory.DirichletL.Hecke.DetectorBranchBudget (6.2s)
✔ [10326/11847] Built OAI.NumberTheory.DirichletL.Descent.FirstFamilyEnergy (4.4s)
✔ [10327/11847] Built OAI.NumberTheory.DirichletL.Descent.FirstToSecond (4.8s)
✔ [10328/11847] Built OAI.NumberTheory.DirichletL.Descent.FirstOldEnergy (5.2s)
✔ [10329/11847] Built OAI.NumberTheory.DirichletL.Descent.ReopenedZeroEnergy (4.4s)
✔ [10330/11847] Built OAI.NumberTheory.DirichletL.Detector.HighRowsSelectedActual (4.4s)
✔ [10331/11847] Built OAI.NumberTheory.DirichletL.Descent.SecondCanonicalSplit (7.7s)
✔ [10332/11847] Built OAI.NumberTheory.DirichletL.Reflection.ActualWeightedEnergy (4.2s)
✔ [10333/11847] Built OAI.NumberTheory.DirichletL.Reflection.SectorData (4.4s)
✔ [10334/11847] Built OAI.NumberTheory.DirichletL.Inversion.InitialHighFrequencyTail (5.4s)
✔ [10335/11847] Built OAI.NumberTheory.DirichletL.Reflection.Shape (4.2s)
✔ [10336/11847] Built OAI.NumberTheory.DirichletL.Moments.AmplificationChildInput (15s)
✔ [10337/11847] Built OAI.NumberTheory.DirichletL.Moments.AllocatedCenteredCapped (4.4s)
✔ [10338/11847] Built OAI.NumberTheory.DirichletL.Hecke.DetectorRowwiseMarked (4.6s)
✔ [10339/11847] Built OAI.NumberTheory.DirichletL.Moments.SecondSixthSource (4.2s)
✔ [10340/11847] Built OAI.NumberTheory.DirichletL.Moments.FiniteProfileExceptionalRow (4.4s)
✔ [10341/11847] Built OAI.NumberTheory.DirichletL.Moments.SecondPhysicalWindow (4.5s)
✔ [10342/11847] Built OAI.NumberTheory.DirichletL.Moments.SecondRetainedPair (4.5s)
✔ [10343/11847] Built OAI.NumberTheory.DirichletL.Detector.GramPhysicalScale (4.3s)
✔ [10344/11847] Built OAI.NumberTheory.DirichletL.Detector.GramWindowMobius (4.8s)
✔ [10345/11847] Built OAI.NumberTheory.DirichletL.Hecke.PrimeAmplitudeScale (4.5s)
✔ [10346/11847] Built OAI.NumberTheory.DirichletL.Detector.GramLatticeWindow (4.6s)
✔ [10347/11847] Built OAI.NumberTheory.DirichletL.Moments.AmplificationRadicalChoice (5.4s)
✔ [10348/11847] Built OAI.NumberTheory.DirichletL.Moments.WholeSlotDeletion (4.6s)
✔ [10349/11847] Built OAI.NumberTheory.DirichletL.PrimeRows.MarkedCompensation (4.7s)
✔ [10350/11847] Built OAI.NumberTheory.DirichletL.Detector.CompensatedTriple (4.6s)
✔ [10351/11847] Built OAI.NumberTheory.DirichletL.Detector.LowSlotMarks (4.5s)
✔ [10352/11847] Built OAI.NumberTheory.DirichletL.Moments.CommonRadialPointwise (3.0s)
✔ [10353/11847] Built OAI.NumberTheory.DirichletL.Moments.FirstPhysicalSourceWindowColumns (4.0s)
✔ [10354/11847] Built OAI.NumberTheory.DirichletL.Detector.HighRowsCentralError (15s)
✔ [10355/11847] Built OAI.NumberTheory.DirichletL.Detector.HighRowsCentralStrict (4.6s)
✔ [10356/11847] Built OAI.NumberTheory.DirichletL.Hecke.DetectorAdaptiveCutoff (4.1s)
✔ [10357/11847] Built OAI.NumberTheory.DirichletL.Detector.HighRowsSelectedBound (5.1s)
✔ [10358/11847] Built OAI.NumberTheory.DirichletL.Descent.FirstUnequalEnergy (4.8s)
✔ [10359/11847] Built OAI.NumberTheory.DirichletL.PrimeRows.FirstNeighborhood (5.1s)
✔ [10360/11847] Built OAI.NumberTheory.DirichletL.Descent.FirstFamilySource (5.0s)
✔ [10361/11847] Built OAI.NumberTheory.DirichletL.Inversion.SecondPrincipalCaller (5.0s)
✔ [10362/11847] Built OAI.NumberTheory.DirichletL.Descent.FirstPriorityEnergy (4.9s)
✔ [10363/11847] Built OAI.NumberTheory.DirichletL.Detector.CentralExponent (6.6s)
✔ [10364/11847] Built OAI.NumberTheory.DirichletL.Descent.OriginalZeroPhysical (4.9s)
✔ [10365/11847] Built OAI.NumberTheory.DirichletL.Descent.FirstFamilyToSecond (4.7s)
✔ [10366/11847] Built OAI.NumberTheory.DirichletL.Descent.SecondAssignedSource (4.0s)
✔ [10367/11847] Built OAI.NumberTheory.DirichletL.Reflection.WeightedSourceSum (4.8s)
✔ [10368/11847] Built OAI.NumberTheory.DirichletL.Detector.SelectedPrimeSums (6.5s)
✔ [10369/11847] Built OAI.NumberTheory.DirichletL.Reflection.ShapeWeights (4.5s)
✔ [10370/11847] Built OAI.NumberTheory.DirichletL.Inversion.InitialHighFrequencyTailRapid (4.0s)
✔ [10371/11847] Built OAI.NumberTheory.DirichletL.Moments.SourceInputReindex (4.6s)
✔ [10372/11847] Built OAI.NumberTheory.DirichletL.Detector.HighRowsCentralTerms (11s)
✔ [10373/11847] Built OAI.NumberTheory.DirichletL.Moments.FirstPhysicalSourceAllocationControl (4.8s)
✔ [10374/11847] Built OAI.NumberTheory.DirichletL.Moments.SecondRadicalFamily (4.1s)
✔ [10375/11847] Built OAI.NumberTheory.DirichletL.Moments.SecondMaskedWindow (5.1s)
✔ [10376/11847] Built OAI.NumberTheory.DirichletL.Moments.AmplificationChildSourceCaps (7.0s)
✔ [10377/11847] Built OAI.NumberTheory.DirichletL.Hecke.DetectorRowwisePlain (6.5s)
✔ [10378/11847] Built OAI.NumberTheory.DirichletL.Moments.SecondDyadicPartition (4.5s)
✔ [10379/11847] Built OAI.NumberTheory.DirichletL.Moments.FiniteProfileExceptionalCapped (5.6s)
✔ [10380/11847] Built OAI.NumberTheory.DirichletL.Moments.SecondSourceRetained (4.8s)
✔ [10381/11847] Built OAI.NumberTheory.DirichletL.Moments.SecondIdealBlockBound (5.1s)
✔ [10382/11847] Built OAI.NumberTheory.DirichletL.Hecke.PrimeAmplitudeActual (4.6s)
✔ [10383/11847] Built OAI.NumberTheory.DirichletL.Detector.GramCommonSource (5.1s)
✔ [10384/11847] Built OAI.NumberTheory.DirichletL.Detector.GramSourceBlock (5.5s)
✔ [10385/11847] Built OAI.NumberTheory.DirichletL.Moments.FirstMaskedFamily (5.2s)
✔ [10386/11847] Built OAI.NumberTheory.DirichletL.Moments.SlotNormalization (4.2s)
✔ [10387/11847] Built OAI.NumberTheory.DirichletL.PrimeRows.MarkedCoordinates (4.8s)
✔ [10388/11847] Built OAI.NumberTheory.DirichletL.Detector.LowInverseEnergy (4.2s)
✔ [10389/11847] Built OAI.NumberTheory.DirichletL.Detector.LowPeriodSupport (4.4s)
✔ [10390/11847] Built OAI.NumberTheory.DirichletL.Detector.InitialRows (4.6s)
✔ [10391/11847] Built OAI.NumberTheory.DirichletL.Moments.CommonHeightEnvelope (3.0s)
✔ [10392/11847] Built OAI.NumberTheory.DirichletL.Moments.FirstPhysicalSourceWindowCanonical (3.0s)
✔ [10393/11847] Built OAI.NumberTheory.DirichletL.Detector.HighRowsCentralSelected (4.8s)
✔ [10394/11847] Built OAI.NumberTheory.DirichletL.Detector.HighRowsCentralEntry (4.7s)
✔ [10395/11847] Built OAI.NumberTheory.DirichletL.Descent.FirstUnequalPhysicalEnergy (4.5s)
✔ [10396/11847] Built OAI.NumberTheory.DirichletL.Descent.SecondMarkedTail (4.5s)
✔ [10397/11847] Built OAI.NumberTheory.DirichletL.PrimeRows.FirstBoundary (5.3s)
✔ [10398/11847] Built OAI.NumberTheory.DirichletL.Descent.FirstCanonicalEnergy (4.6s)
✔ [10399/11847] Built OAI.NumberTheory.DirichletL.Reflection.WeightedMeasurable (4.2s)
✔ [10400/11847] Built OAI.NumberTheory.DirichletL.Descent.SecondAssignedSum (4.5s)
✔ [10401/11847] Built OAI.NumberTheory.DirichletL.Detector.SelectedPrimeIndexed (4.2s)
✔ [10402/11847] Built OAI.NumberTheory.DirichletL.Detector.HighRowsSelectedRamified (7.3s)
✔ [10403/11847] Built OAI.NumberTheory.DirichletL.Moments.SecondRadicalBudget (4.8s)
✔ [10404/11847] Built OAI.NumberTheory.DirichletL.Moments.SecondRadicalColumns (4.3s)
✔ [10405/11847] Built OAI.NumberTheory.DirichletL.Detector.HighRowsCentralBase (5.8s)
✔ [10406/11847] Built OAI.NumberTheory.DirichletL.Hecke.InverseAmplificationScale (4.8s)
✔ [10407/11847] Built OAI.NumberTheory.DirichletL.Moments.FiniteProfileExceptionalSlots (4.5s)
✔ [10408/11847] Built OAI.NumberTheory.DirichletL.Moments.SecondSourceFrequency (4.8s)
✔ [10409/11847] Built OAI.NumberTheory.DirichletL.Hecke.DetectorPhysicalSelection (4.3s)
✔ [10410/11847] Built OAI.NumberTheory.DirichletL.Detector.LowElementRows (4.7s)
✔ [10411/11847] Built OAI.NumberTheory.DirichletL.Detector.GramCanonical (4.7s)
✔ [10412/11847] Built OAI.NumberTheory.DirichletL.Moments.SecondExceptionalKernel (5.8s)
✔ [10413/11847] Built OAI.NumberTheory.DirichletL.Detector.LowPeriodFilter (4.6s)
✔ [10414/11847] Built OAI.NumberTheory.DirichletL.Detector.CompensatedRows (4.7s)
✔ [10415/11847] Built OAI.NumberTheory.DirichletL.Moments.FirstPhysicalSourceWindowEnergy (4.8s)
✔ [10416/11847] Built OAI.NumberTheory.DirichletL.Moments.CommonLiveFrozen (5.6s)
✔ [10417/11847] Built OAI.NumberTheory.DirichletL.PrimeRows.MarkedExclusions (4.3s)
✔ [10418/11847] Built OAI.NumberTheory.DirichletL.Descent.FirstPhysicalFamily (4.3s)
✔ [10419/11847] Built OAI.NumberTheory.DirichletL.Inversion.ReflectedNormalization (4.7s)
✔ [10420/11847] Built OAI.NumberTheory.DirichletL.Detector.HighRowsCentralQuotient (6.2s)
✔ [10421/11847] Built OAI.NumberTheory.DirichletL.Reflection.UniformSieve (5.1s)
✔ [10422/11847] Built OAI.NumberTheory.DirichletL.Descent.SecondMarkedEnergy (4.5s)
✔ [10423/11847] Built OAI.NumberTheory.DirichletL.Inversion.InitialEnergyCallerAssigned (4.6s)
✔ [10424/11847] Built OAI.NumberTheory.DirichletL.Moments.SecondActualWidth (4.5s)
✔ [10425/11847] Built OAI.NumberTheory.DirichletL.PrimeRows.Selected (4.9s)
✔ [10426/11847] Built OAI.NumberTheory.DirichletL.Moments.SecondRetainedWidth (5.2s)
✔ [10427/11847] Built OAI.NumberTheory.DirichletL.Moments.SecondReducedPredicate (4.6s)
✔ [10428/11847] Built OAI.NumberTheory.DirichletL.Moments.SecondRadicalBlock (5.4s)
✔ [10429/11847] Built OAI.NumberTheory.DirichletL.Hecke.InverseAmplificationConjugation (4.4s)
✔ [10430/11847] Built OAI.NumberTheory.DirichletL.Hecke.InverseAmplificationScaleSup (4.3s)
✔ [10431/11847] Built OAI.NumberTheory.DirichletL.Moments.FiniteProfileExceptionalAllocated (4.6s)
✔ [10432/11847] Built OAI.NumberTheory.DirichletL.Detector.HighRowsCentralDefect (6.2s)
✔ [10433/11847] Built OAI.NumberTheory.DirichletL.Moments.SecondRetainedAggregate (4.4s)
✔ [10434/11847] Built OAI.NumberTheory.DirichletL.Moments.SecondRetainedRows (4.6s)
✔ [10435/11847] Built OAI.NumberTheory.DirichletL.Hecke.DetectorFiberSpikes (4.2s)
✔ [10436/11847] Built OAI.NumberTheory.DirichletL.Detector.GramClassification (4.6s)
✔ [10437/11847] Built OAI.NumberTheory.DirichletL.Detector.PrincipalSplit (4.2s)
✔ [10438/11847] Built OAI.NumberTheory.DirichletL.Detector.HighRowsCentralRamified (8.2s)
✔ [10439/11847] Built OAI.NumberTheory.DirichletL.Moments.FirstPhysicalSourceDyadicWindowEnergy (4.4s)
✔ [10440/11847] Built OAI.NumberTheory.DirichletL.Moments.FirstPhysicalSourcePresentation (4.6s)
✔ [10441/11847] Built OAI.NumberTheory.DirichletL.PrimeRows.RestoreCorrection (5.1s)
✔ [10442/11847] Built OAI.NumberTheory.DirichletL.Moments.CommonLiveHeight (5.3s)
✔ [10443/11847] Built OAI.NumberTheory.DirichletL.Descent.FirstRetainedFamily (5.2s)
✔ [10444/11847] Built OAI.NumberTheory.DirichletL.Descent.FirstGlobalSourceSupport (5.3s)
✔ [10445/11847] Built OAI.NumberTheory.DirichletL.Reflection.Denominator (5.6s)
✔ [10446/11847] Built OAI.NumberTheory.DirichletL.Descent.SecondSquarefree (5.9s)
✔ [10447/11847] Built OAI.NumberTheory.DirichletL.Inversion.InitialEnergyCallerSupport (5.8s)
✔ [10448/11847] Built OAI.NumberTheory.DirichletL.Moments.NonprincipalGate (5.2s)
✔ [10449/11847] Built OAI.NumberTheory.DirichletL.PrimeRows.SelectedUnramified (5.7s)
✔ [10450/11847] Built OAI.NumberTheory.DirichletL.Hecke.DetectorCoefficientTransfer (4.2s)
✔ [10451/11847] Built OAI.NumberTheory.DirichletL.Moments.SecondPhysicalBlock (5.5s)
✔ [10452/11847] Built OAI.NumberTheory.DirichletL.Moments.SecondSquarefreeBlock (5.3s)
✔ [10453/11847] Built OAI.NumberTheory.DirichletL.Moments.ScaleSupremum (4.1s)
✔ [10454/11847] Built OAI.NumberTheory.DirichletL.Detector.HighRowsCentralLower (4.4s)
✔ [10455/11847] Built OAI.NumberTheory.DirichletL.Moments.ReflectedProfileMeasure (5.2s)
✔ [10456/11847] Built OAI.NumberTheory.DirichletL.Hecke.InverseAmplificationAggregate (5.1s)
✔ [10457/11847] Built OAI.NumberTheory.DirichletL.Moments.SecondActiveDyadic (4.9s)
✔ [10458/11847] Built OAI.NumberTheory.DirichletL.Detector.GramCanonicalBlock (4.7s)
✔ [10459/11847] Built OAI.NumberTheory.DirichletL.Detector.PrincipalInput (4.9s)
✔ [10460/11847] Built OAI.NumberTheory.DirichletL.Hecke.DetectorFiberEnergy (5.5s)
✔ [10461/11847] Built OAI.NumberTheory.DirichletL.Descent.FirstActualSecondEnergy (4.4s)
✔ [10462/11847] Built OAI.NumberTheory.DirichletL.Moments.FirstPhysicalSourceFixedFamily (4.9s)
✔ [10463/11847] Built OAI.NumberTheory.DirichletL.Detector.HighRowsCentralStrictSelected (5.2s)
✔ [10464/11847] Built OAI.NumberTheory.DirichletL.Reflection.KernelGeometry (4.7s)
✔ [10465/11847] Built OAI.NumberTheory.DirichletL.Descent.SecondSupportedEnergy (4.4s)
✔ [10466/11847] Built OAI.NumberTheory.DirichletL.Inversion.InitialEnergyCallerAssignedPair (4.5s)
✔ [10467/11847] Built OAI.NumberTheory.DirichletL.Descent.SecondPuncture (4.0s)
✔ [10468/11847] Built OAI.NumberTheory.DirichletL.Moments.FirstPhysicalDyadicAssembly (8.9s)
✔ [10469/11847] Built OAI.NumberTheory.DirichletL.Moments.NaturalRowSourceFamily (4.7s)
✔ [10470/11847] Built OAI.NumberTheory.DirichletL.Moments.RayNonprincipal (4.6s)
✔ [10471/11847] Built OAI.NumberTheory.DirichletL.PrimeRows.SelectedAgreement (4.7s)
✔ [10472/11847] Built OAI.NumberTheory.DirichletL.PrimeRows.SelectedBounds (4.9s)
✔ [10473/11847] Built OAI.NumberTheory.DirichletL.Moments.SecondPhysicalCost (4.1s)
✔ [10474/11847] Built OAI.NumberTheory.DirichletL.Moments.SecondBlockSupport (4.5s)
✔ [10475/11847] Built OAI.NumberTheory.DirichletL.Moments.SecondActivePhysicalDictionary (4.9s)
✔ [10476/11847] Built OAI.NumberTheory.DirichletL.Inversion.InitialDetectorSource (4.4s)
✔ [10477/11847] Built OAI.NumberTheory.DirichletL.Moments.SecondHarmonicBudget (4.3s)
✔ [10478/11847] Built OAI.NumberTheory.DirichletL.PrimeRows.Moments (4.6s)
✔ [10479/11847] Built OAI.NumberTheory.DirichletL.Moments.FrequencyScaleSupremum (5.2s)
✔ [10480/11847] Built OAI.NumberTheory.DirichletL.PrimeRows.CubePrimeThresholds (4.5s)
✔ [10481/11847] Built OAI.NumberTheory.DirichletL.Moments.ReflectedPairEnergy (4.4s)
✔ [10482/11847] Built OAI.NumberTheory.DirichletL.Hecke.InverseAmplificationPrimePool (4.8s)
✔ [10483/11847] Built OAI.NumberTheory.DirichletL.Moments.SecondBlockAggregate (4.9s)
✔ [10484/11847] Built OAI.NumberTheory.DirichletL.Detector.GramCanonicalSource (4.7s)
✔ [10485/11847] Built OAI.NumberTheory.DirichletL.Hecke.DetectorInverseFiberCount (4.6s)
✔ [10486/11847] Built OAI.NumberTheory.DirichletL.Descent.FirstHeightBudget (3.0s)
✔ [10487/11847] Built OAI.NumberTheory.DirichletL.Detector.GramCanonicalTrivial (5.7s)
✔ [10488/11847] Built OAI.NumberTheory.DirichletL.Descent.FirstGlobalPush (3.8s)
✔ [10489/11847] Built OAI.NumberTheory.DirichletL.Descent.FirstWholeCubePriority (4.4s)
✔ [10490/11847] Built OAI.NumberTheory.DirichletL.Detector.GramWeightedFrequency (6.4s)
✔ [10491/11847] Built WeightedQRH.NumeratorRamifiedMass (5.3s)
✔ [10492/11847] Built OAI.NumberTheory.DirichletL.Moments.FirstSourceConductorCaps (5.4s)
✔ [10493/11847] Built OAI.NumberTheory.DirichletL.Reflection.KernelSeparation (4.3s)
✔ [10494/11847] Built OAI.NumberTheory.DirichletL.Descent.SecondSectorAssembly (4.6s)
✔ [10495/11847] Built OAI.NumberTheory.DirichletL.Descent.SecondWholeMass (4.4s)
✔ [10496/11847] Built OAI.NumberTheory.DirichletL.Descent.SecondVaryingLists (4.8s)
✔ [10497/11847] Built OAI.NumberTheory.DirichletL.Descent.SecondPhysicalRows (4.8s)
✔ [10498/11847] Built OAI.NumberTheory.DirichletL.Inversion.InitialEnergyCallerMass (4.9s)
✔ [10499/11847] Built OAI.NumberTheory.DirichletL.Descent.SecondParentLists (4.3s)
✔ [10500/11847] Built OAI.NumberTheory.DirichletL.Descent.SecondPunctureBudget (4.5s)
✔ [10501/11847] Built OAI.NumberTheory.DirichletL.Inversion.InitialEnergyCallerAssignedCanonical (4.0s)
✔ [10502/11847] Built OAI.NumberTheory.DirichletL.Moments.FirstRetainedPhysical (4.7s)
✔ [10503/11847] Built OAI.NumberTheory.DirichletL.Moments.PrimeSlot (4.1s)
✔ [10504/11847] Built OAI.NumberTheory.DirichletL.Moments.NaturalRowSourceDictionary (4.1s)
✔ [10505/11847] Built OAI.NumberTheory.DirichletL.Moments.FirstPhysicalDyadicRows (5.2s)
✔ [10506/11847] Built OAI.NumberTheory.DirichletL.PrimeRows.SelectedAnalytic (4.6s)
✔ [10507/11847] Built OAI.NumberTheory.DirichletL.PrimeRows.MarkedContinuation (4.5s)
✔ [10508/11847] Built OAI.NumberTheory.DirichletL.PrimeRows.CentralSlots (4.4s)
✔ [10509/11847] Built OAI.NumberTheory.DirichletL.Inversion.InitialMarkedDictionary (4.7s)
✔ [10510/11847] Built OAI.NumberTheory.DirichletL.PrimeRows.SlotSums (4.9s)
✔ [10511/11847] Built OAI.NumberTheory.DirichletL.Moments.SourceLowerSupport (5.5s)
✔ [10512/11847] Built OAI.NumberTheory.DirichletL.Moments.SecondOriginalChildren (4.2s)
✔ [10513/11847] Built OAI.NumberTheory.DirichletL.Moments.RadialPolynomialEnergy (4.1s)
✔ [10514/11847] Built OAI.NumberTheory.DirichletL.Moments.ReflectedUniformPair (4.2s)
✔ [10515/11847] Built OAI.NumberTheory.DirichletL.Detector.HighRowsCentralRamifiedQuotient (15s)
✔ [10516/11847] Built OAI.NumberTheory.DirichletL.Detector.GramFiniteGcd (4.1s)
✔ [10517/11847] Built OAI.NumberTheory.DirichletL.Moments.SecondLiveBlock (4.5s)
✔ [10518/11847] Built OAI.NumberTheory.DirichletL.Hecke.InverseAmplificationBudget (5.6s)
✔ [10519/11847] Built OAI.NumberTheory.DirichletL.Detector.GramNonzeroFrequency (4.3s)
✔ [10520/11847] Built OAI.NumberTheory.DirichletL.Detector.GramFrequencyConvergence (4.1s)
✔ [10521/11847] Built OAI.NumberTheory.DirichletL.Moments.SecondBlockCount (5.1s)
✔ [10522/11847] Built OAI.NumberTheory.DirichletL.Hecke.DetectorPlainFiberCount (4.3s)
✔ [10523/11847] Built OAI.NumberTheory.DirichletL.Descent.PrincipalSelectorMass (3.8s)
✔ [10524/11847] Built OAI.NumberTheory.DirichletL.Descent.FirstOriginalProfileUniform (4.6s)
✔ [10525/11847] Built OAI.NumberTheory.DirichletL.Detector.GramPrefactor (4.1s)
✔ [10526/11847] Built OAI.NumberTheory.DirichletL.Reflection.KernelWeights (4.5s)
✔ [10527/11847] Built OAI.NumberTheory.DirichletL.Detector.GramFrequencyMass (5.1s)
✔ [10528/11847] Built OAI.NumberTheory.DirichletL.Descent.FirstGlobalSourceIndex (6.5s)
✔ [10529/11847] Built WeightedQRH.NumeratorUnramifiedMass (5.2s)
✔ [10530/11847] Built OAI.NumberTheory.DirichletL.Descent.SecondModeCanonical (4.9s)
✔ [10531/11847] Built OAI.NumberTheory.DirichletL.Descent.SecondVaryingSupported (4.8s)
✔ [10532/11847] Built OAI.NumberTheory.DirichletL.Descent.SecondTripleBounds (4.8s)
✔ [10533/11847] Built OAI.NumberTheory.DirichletL.Inversion.InitialEnergyCallerSector (4.3s)
✔ [10534/11847] Built OAI.NumberTheory.DirichletL.Moments.PrimeSlotShift (4.6s)
✔ [10535/11847] Built OAI.NumberTheory.DirichletL.Moments.CommonMaskEnergy (5.2s)
✔ [10536/11847] Built OAI.NumberTheory.DirichletL.Moments.FirstRetainedBlock (6.3s)
✔ [10537/11847] Built OAI.NumberTheory.DirichletL.Moments.FirstPhysicalDyadicCount (19s)
✔ [10538/11847] Built OAI.NumberTheory.DirichletL.PrimeRows.MarkedHolomorphic (4.9s)
✔ [10539/11847] Built OAI.NumberTheory.DirichletL.Moments.FirstAmplifiedRadiusLower (5.2s)
✔ [10540/11847] Built OAI.NumberTheory.DirichletL.PrimeRows.SelectedFirst (5.6s)
✔ [10541/11847] Built OAI.NumberTheory.DirichletL.Moments.OneReflectionEnergy (4.7s)
✔ [10542/11847] Built OAI.NumberTheory.DirichletL.PrimeRows.CentralNormalized (5.4s)
✔ [10543/11847] Built OAI.NumberTheory.DirichletL.Moments.SourceDyadicShell (5.3s)
✔ [10544/11847] Built OAI.NumberTheory.DirichletL.Inversion.InitialPhysicalSlots (5.6s)
✔ [10545/11847] Built OAI.NumberTheory.DirichletL.PrimeRows.TupleSums (5.8s)
✔ [10546/11847] Built OAI.NumberTheory.DirichletL.Detector.GramWindowGcd (4.2s)
✔ [10547/11847] Built OAI.NumberTheory.DirichletL.PrimeRows.CentralRamified (5.1s)
✔ [10548/11847] Built OAI.NumberTheory.DirichletL.Moments.SecondDyadicRowSupport (4.5s)
✔ [10549/11847] Built OAI.NumberTheory.DirichletL.Moments.SecondEnergySplit (5.1s)
✔ [10550/11847] Built OAI.NumberTheory.DirichletL.Hecke.InverseAmplificationPowers (4.1s)
✔ [10551/11847] Built OAI.NumberTheory.DirichletL.Moments.SecondBlockHarmonicMass (4.8s)
✔ [10552/11847] Built OAI.NumberTheory.DirichletL.Hecke.DetectorNoSlotPlainCount (4.6s)
✔ [10553/11847] Built OAI.NumberTheory.DirichletL.Reflection.KernelIntegral (4.6s)
✔ [10554/11847] Built OAI.NumberTheory.DirichletL.Detector.GramEnergyNonzero (5.2s)
✔ [10555/11847] Built OAI.NumberTheory.DirichletL.Descent.FirstGlobalSourcePhysical (4.6s)
✔ [10556/11847] Built OAI.NumberTheory.DirichletL.Descent.FirstOriginalProfileFiltered (5.6s)
✔ [10557/11847] Built OAI.NumberTheory.DirichletL.Detector.GramIdealMass (5.6s)
✔ [10558/11847] Built WeightedQRH.NumeratorEulerExpansion (4.2s)
✔ [10559/11847] Built OAI.NumberTheory.DirichletL.Descent.SecondAdmissible (4.4s)
✔ [10560/11847] Built OAI.NumberTheory.DirichletL.Descent.SecondModeParentLists (4.4s)
✔ [10561/11847] Built OAI.NumberTheory.DirichletL.Descent.SecondActualMass (4.6s)
⚠ [10562/11847] Built WeightedQRH.NumeratorErrorMass (6.9s)
warning: WeightedQRH/NumeratorErrorMass.lean:66:8: `if_pos` has been deprecated: Use `ite_eq_left` instead
warning: WeightedQRH/NumeratorErrorMass.lean:79:8: `if_neg` has been deprecated: Use `ite_eq_right` instead
✔ [10563/11847] Built OAI.NumberTheory.DirichletL.Descent.SecondNormalizedEnergy (4.4s)
✔ [10564/11847] Built OAI.NumberTheory.DirichletL.Descent.SecondModeIntegral (4.4s)
✔ [10565/11847] Built OAI.NumberTheory.DirichletL.Moments.LiveCapacity (4.2s)
✔ [10566/11847] Built OAI.NumberTheory.DirichletL.Inversion.InitialEnergyCallerAllocation (4.7s)
✔ [10567/11847] Built OAI.NumberTheory.DirichletL.Moments.AllocatedNaturalSource (4.0s)
✔ [10568/11847] Built OAI.NumberTheory.DirichletL.Moments.FirstRetainedAssembly (4.7s)
✔ [10569/11847] Built OAI.NumberTheory.DirichletL.PrimeRows.PrincipalMask (4.3s)
✔ [10570/11847] Built OAI.NumberTheory.DirichletL.PrimeRows.TupleFactor (4.1s)
✔ [10571/11847] Built OAI.NumberTheory.DirichletL.Moments.ReflectedNormalization (4.3s)
✔ [10572/11847] Built OAI.NumberTheory.DirichletL.Moments.SourceBlockWindows (4.4s)
✔ [10573/11847] Built OAI.NumberTheory.DirichletL.Hecke.InverseAmplificationRaw (4.1s)
✔ [10574/11847] Built OAI.NumberTheory.DirichletL.PrimeRows.SelectedFirstBounds (5.5s)
✔ [10575/11847] Built OAI.NumberTheory.DirichletL.Moments.SecondBlockRadicalHarmonicMass (4.5s)
✔ [10576/11847] Built OAI.NumberTheory.DirichletL.Reflection.KernelSource (4.4s)
✔ [10577/11847] Built OAI.NumberTheory.DirichletL.Detector.GramCommonEnergy (4.8s)
✔ [10578/11847] Built OAI.NumberTheory.DirichletL.Descent.FirstGlobalSourceEnergy (4.9s)
✔ [10579/11847] Built OAI.NumberTheory.DirichletL.PrimeRows.CentralSplit (6.7s)
⚠ [10580/11847] Built WeightedQRH.NumeratorPrimeExpansion (5.3s)
warning: WeightedQRH/NumeratorPrimeExpansion.lean:23:24: This simp argument is unused:
  norm_mul

Hint: Omit it from the simp argument list.
  [apply] simp [QuadraticCoefficients.vector, QuadraticCoefficients.mass, quadraticMass, Fin.sum_univ_three, norm_pow,
    Complex.norm_cpow_eq_rpow_re_of_pos hQ, Complex.neg_re]

Note: This linter can be disabled with `set_option linter.unusedSimpArgs false`
warning: WeightedQRH/NumeratorPrimeExpansion.lean:56:4: Unused tactic linter: `change _ = 1 + (unramifiedDefectCoefficients _ _ _ _ _ _).eval _` does nothing

Note: This linter can be disabled with `set_option linter.unusedTactic false`
✔ [10581/11847] Built OAI.NumberTheory.DirichletL.Descent.SecondSharpPuncture (5.2s)
✔ [10582/11847] Built OAI.NumberTheory.DirichletL.Descent.SecondOriginalMass (4.1s)
✔ [10583/11847] Built OAI.NumberTheory.DirichletL.Descent.SecondDeletedModeEnergy (4.5s)
✔ [10584/11847] Built OAI.NumberTheory.DirichletL.Descent.FirstOriginalProfilePhysical (6.5s)
✔ [10585/11847] Built OAI.NumberTheory.DirichletL.Descent.SecondVaryingPhysical (4.4s)
✔ [10586/11847] Built OAI.NumberTheory.DirichletL.Descent.SecondSourceAttachment (4.7s)
✔ [10587/11847] Built OAI.NumberTheory.DirichletL.Inversion.InitialEnergyCallerBranch (4.0s)
✔ [10588/11847] Built OAI.NumberTheory.DirichletL.Energy.ReferenceDeletionBudget (5.3s)
✔ [10589/11847] Built OAI.NumberTheory.DirichletL.Moments.AllocatedChildCapacity (4.5s)
✔ [10590/11847] Built OAI.NumberTheory.DirichletL.Moments.FirstRetainedNorm (4.3s)
✔ [10591/11847] Built OAI.NumberTheory.DirichletL.PrimeRows.NonprincipalContour (4.5s)
✔ [10592/11847] Built OAI.NumberTheory.DirichletL.PrimeRows.WeightedTuple (4.4s)
✔ [10593/11847] Built OAI.NumberTheory.DirichletL.PrimeRows.TupleBound (4.9s)
✔ [10594/11847] Built OAI.NumberTheory.DirichletL.PrimeRows.TupleGrowth (5.8s)
✔ [10595/11847] Built OAI.NumberTheory.DirichletL.Moments.OneReflectionScaleEnergy (4.2s)
✔ [10596/11847] Built OAI.NumberTheory.DirichletL.Moments.OriginalReflectionApproximation (4.7s)
✔ [10597/11847] Built OAI.NumberTheory.DirichletL.Hecke.InverseAmplificationEndpoint (5.2s)
✔ [10598/11847] Built OAI.NumberTheory.DirichletL.Moments.FirstInactiveRadicalMass (4.5s)
✔ [10599/11847] Built OAI.NumberTheory.DirichletL.Reflection.KernelActual (4.6s)
✔ [10600/11847] Built OAI.NumberTheory.DirichletL.PrimeRows.FirstWGrowth (5.7s)
✔ [10601/11847] Built OAI.NumberTheory.DirichletL.Detector.GramSourceDivisors (4.4s)
✔ [10602/11847] Built OAI.NumberTheory.DirichletL.Descent.SecondDeletedOriginalBound (4.7s)
✔ [10603/11847] Built OAI.NumberTheory.DirichletL.Descent.SecondParentInput (4.6s)
✔ [10604/11847] Built OAI.NumberTheory.DirichletL.Moments.SecondPhysicalLedger (8.6s)
⚠ [10605/11847] Built WeightedQRH.NumeratorRamifiedProduct (5.4s)
warning: WeightedQRH/NumeratorRamifiedProduct.lean:39:2: Try this: 
  letI̵

The goal is a proposition, so `let` is preferred over `letI`.
The difference between `let` and `letI` is that `letI` inlines the value.
But this is not relevant for proofs because of proof irrelevance.

Note: This linter can be disabled with `set_option linter.style.haveILetI false`
warning: WeightedQRH/NumeratorRamifiedProduct.lean:111:15: This simp argument is unused:
  Complex.neg_re

Hint: Omit it from the simp argument list.
  [apply] simp only [Complex.ofReal_re, ← norm_mul]

Note: This linter can be disabled with `set_option linter.unusedSimpArgs false`
warning: WeightedQRH/NumeratorRamifiedProduct.lean:111:31: This simp argument is unused:
  Complex.ofReal_re

Hint: Omit it from the simp argument list.
  [apply] simp only [Complex.neg_re, ← norm_mul]

Note: This linter can be disabled with `set_option linter.unusedSimpArgs false`
✔ [10606/11847] Built OAI.NumberTheory.DirichletL.Detector.CentralRepeatedChoices (5.7s)
✔ [10607/11847] Built OAI.NumberTheory.DirichletL.Descent.SecondParentAssembly (4.2s)
✔ [10608/11847] Built OAI.NumberTheory.DirichletL.PrimeRows.CentralSlotSum (6.8s)
✔ [10609/11847] Built OAI.NumberTheory.DirichletL.Descent.SecondVariableCutoff (6.5s)
✔ [10610/11847] Built OAI.NumberTheory.DirichletL.Moments.FirstSecondCapacityLedger (4.6s)
✔ [10611/11847] Built OAI.NumberTheory.DirichletL.Inversion.InitialEnergyCallerAllSlots (5.2s)
✔ [10612/11847] Built OAI.NumberTheory.DirichletL.PrimeRows.NonprincipalBoundary (5.0s)
✔ [10613/11847] Built OAI.NumberTheory.DirichletL.PrimeRows.BufferedContour (5.6s)
✔ [10614/11847] Built OAI.NumberTheory.DirichletL.PrimeRows.ZContour (4.0s)
✔ [10615/11847] Built OAI.NumberTheory.DirichletL.PrimeRows.Measurable (4.8s)
✔ [10616/11847] Built OAI.NumberTheory.DirichletL.Moments.ReflectedChoiceEnergy (4.4s)
✔ [10617/11847] Built OAI.NumberTheory.DirichletL.Moments.OriginalReflectionEnergy (4.3s)
ℹ [10618/11847] Built WeightedQRH.MellinReconstruction (5.8s)
info: WeightedQRH/MellinReconstruction.lean:163:54: Try this:
  [apply] ring_nf
  
  The `ring` tactic failed to close the goal. Use `ring_nf` to obtain a normal form.
    
  Note that `ring` works primarily in *commutative* rings. If you have a noncommutative ring, abelian group or module, consider using `noncomm_ring`, `abel` or `module` instead.
✔ [10619/11847] Built OAI.NumberTheory.DirichletL.Hecke.InverseAmplificationProfiles (4.1s)
✔ [10620/11847] Built OAI.NumberTheory.DirichletL.PrimeRows.ScalarGrowth (5.9s)
✔ [10621/11847] Built OAI.NumberTheory.DirichletL.Moments.RetainedWeightedSource (4.9s)
✔ [10622/11847] Built OAI.NumberTheory.DirichletL.PrimeRows.WGrowth (7.0s)
✔ [10623/11847] Built OAI.NumberTheory.DirichletL.Reflection.CrudeCoefficient (4.5s)
✔ [10624/11847] Built OAI.NumberTheory.DirichletL.Reflection.RawTail (4.0s)
✔ [10625/11847] Built OAI.NumberTheory.DirichletL.Reflection.RamifiedWidth (3.9s)
✔ [10626/11847] Built OAI.NumberTheory.DirichletL.Reflection.CoprimeSource (3.9s)
✔ [10627/11847] Built OAI.NumberTheory.DirichletL.PrimeRows.ZGrowth (4.5s)
✔ [10628/11847] Built OAI.NumberTheory.DirichletL.PrimeRows.FirstJoint (5.0s)
✔ [10629/11847] Built OAI.NumberTheory.DirichletL.PrimeRows.CentralProduct (10s)
✔ [10630/11847] Built OAI.NumberTheory.DirichletL.Detector.GramTruncation (4.3s)
✔ [10631/11847] Built OAI.NumberTheory.DirichletL.Descent.SecondDeletedAllModes (4.4s)
✔ [10632/11847] Built OAI.NumberTheory.DirichletL.Descent.SecondTailAbsorption (4.9s)
✔ [10633/11847] Built OAI.NumberTheory.DirichletL.Descent.SecondParentRadial (4.6s)
✔ [10634/11847] Built OAI.NumberTheory.DirichletL.Inversion.FirstPriorityParents (4.7s)
✔ [10635/11847] Built OAI.NumberTheory.DirichletL.PrimeRows.CoarseUniform (7.2s)
✔ [10636/11847] Built OAI.NumberTheory.DirichletL.Moments.FirstSecondCapacityDefect (4.6s)
✔ [10637/11847] Built OAI.NumberTheory.DirichletL.Inversion.InitialEnergyCallerUnits (4.9s)
✔ [10638/11847] Built OAI.NumberTheory.DirichletL.Moments.OriginalReflectionErrorMass (4.5s)
✔ [10639/11847] Built OAI.NumberTheory.DirichletL.PrimeRows.DetectorZeros (4.6s)
✔ [10640/11847] Built OAI.NumberTheory.DirichletL.PrimeRows.FirstWShift (5.0s)
✔ [10641/11847] Built OAI.NumberTheory.DirichletL.Moments.DetectorDictionary (4.6s)
✔ [10642/11847] Built OAI.NumberTheory.DirichletL.Hecke.InverseAmplificationRowwise (5.1s)
✔ [10643/11847] Built OAI.NumberTheory.DirichletL.Moments.OriginalRadialComparison (4.1s)
✔ [10644/11847] Built OAI.NumberTheory.DirichletL.Reflection.PhysicalIntegral (3.8s)
✔ [10645/11847] Built OAI.NumberTheory.DirichletL.Reflection.RawCoefficient (4.2s)
✔ [10646/11847] Built OAI.NumberTheory.DirichletL.PrimeRows.NonprincipalShift (5.1s)
✔ [10647/11847] Built OAI.NumberTheory.DirichletL.PrimeRows.PhysicalBound (6.6s)
✔ [10648/11847] Built OAI.NumberTheory.DirichletL.PrimeRows.XGrowth (5.4s)
✔ [10649/11847] Built OAI.NumberTheory.DirichletL.Detector.GramSourceEstimate (4.8s)
✔ [10650/11847] Built OAI.NumberTheory.DirichletL.Detector.CentralBranchProduct (4.8s)
✔ [10651/11847] Built OAI.NumberTheory.DirichletL.Descent.SecondDeletedAllIntegral (4.8s)
✔ [10652/11847] Built OAI.NumberTheory.DirichletL.PrimeRows.ZBoundary (5.5s)
✔ [10653/11847] Built OAI.NumberTheory.DirichletL.Descent.SecondFullSource (4.7s)
✔ [10654/11847] Built OAI.NumberTheory.DirichletL.Descent.SecondRapidTail (4.9s)
✔ [10655/11847] Built OAI.NumberTheory.DirichletL.Descent.GlobalPrincipalMass (4.8s)
✔ [10656/11847] Built OAI.NumberTheory.DirichletL.Descent.WholePriorityParents (5.0s)
✔ [10657/11847] Built OAI.NumberTheory.DirichletL.Moments.FirstSecondLossParameters (4.6s)
⚠ [10658/11847] Built WeightedQRH.NumeratorCorrectionExpansion (15s)
warning: WeightedQRH/NumeratorCorrectionExpansion.lean:127:33: Variable name `hfirst` is not explicitly referenced.

Hint: The binding can be removed (if unused) or named `_` (if used implicitly). Alternatively, prefix the name with `_` to silence this warning:
  [apply] _hfirst

Note: This linter can be disabled with `set_option linter.unusedVariables false`
✔ [10659/11847] Built OAI.NumberTheory.DirichletL.Inversion.InitialEnergyCallerRays (5.1s)
✔ [10660/11847] Built OAI.NumberTheory.DirichletL.PrimeRows.DetectorBins (5.2s)
✔ [10661/11847] Built OAI.NumberTheory.DirichletL.Moments.DetectorDictionarySupport (4.8s)
✔ [10662/11847] Built OAI.NumberTheory.DirichletL.Moments.PlainGlobalEnergy (4.9s)
✔ [10663/11847] Built OAI.NumberTheory.DirichletL.Moments.DetectorDictionaryProfiles (4.8s)
✔ [10664/11847] Built OAI.NumberTheory.DirichletL.Moments.NaturalRadialCutoff (4.6s)
✔ [10665/11847] Built OAI.NumberTheory.DirichletL.Hecke.DetectorNoSlotInverseCount (5.1s)
✔ [10666/11847] Built OAI.NumberTheory.DirichletL.Moments.DetectorDictionarySlots (5.6s)
✔ [10667/11847] Built OAI.NumberTheory.DirichletL.Reflection.KernelAdmissible (4.2s)
✔ [10668/11847] Built OAI.NumberTheory.DirichletL.Reflection.FullRaw (4.6s)
✔ [10669/11847] Built OAI.NumberTheory.DirichletL.Reflection.UniformMeasure (5.5s)
✔ [10670/11847] Built OAI.NumberTheory.DirichletL.PrimeRows.IteratedShift (4.7s)
✔ [10671/11847] Built OAI.NumberTheory.DirichletL.PrimeRows.RowCount (4.4s)
✔ [10672/11847] Built OAI.NumberTheory.DirichletL.PrimeRows.XBoundary (5.1s)
✔ [10673/11847] Built OAI.NumberTheory.DirichletL.Detector.GramInfiniteEstimate (4.5s)
✔ [10674/11847] Built OAI.NumberTheory.DirichletL.Descent.SecondDeletedPhysicalEnergy (4.5s)
✔ [10675/11847] Built OAI.NumberTheory.DirichletL.PrimeRows.ZShift (4.5s)
✔ [10676/11847] Built OAI.NumberTheory.DirichletL.Inversion.PrioritySecondSource (4.5s)
✔ [10677/11847] Built OAI.NumberTheory.DirichletL.Inversion.WholePriorityRapidTail (4.7s)
✔ [10678/11847] Built OAI.NumberTheory.DirichletL.Moments.FirstMixedAllowance (4.4s)
✔ [10679/11847] Built OAI.NumberTheory.DirichletL.Inversion.InitialEnergyCallerIntegral (4.4s)
✔ [10680/11847] Built OAI.NumberTheory.DirichletL.PrimeRows.BufferedBin (4.5s)
⚠ [10681/11847] Built WeightedQRH.NumeratorActualError (5.4s)
warning: WeightedQRH/NumeratorActualError.lean:26:22: This simp argument is unused:
  norm_mul

Hint: Omit it from the simp argument list.
  [apply] simp [CubicCoefficients.vector, CubicCoefficients.mass, cubicMass, Fin.sum_univ_four, norm_pow,
    Complex.norm_cpow_eq_rpow_re_of_pos hQ, Complex.neg_re]

Note: This linter can be disabled with `set_option linter.unusedSimpArgs false`
warning: WeightedQRH/NumeratorActualError.lean:60:30: `if_pos` has been deprecated: Use `ite_eq_left` instead
warning: WeightedQRH/NumeratorActualError.lean:74:52: `if_neg` has been deprecated: Use `ite_eq_right` instead
warning: WeightedQRH/NumeratorActualError.lean:75:26: `dif_pos` has been deprecated: Use `dite_eq_left` instead
warning: WeightedQRH/NumeratorActualError.lean:75:37: `if_neg` has been deprecated: Use `ite_eq_right` instead
warning: WeightedQRH/NumeratorActualError.lean:74:52: This simp argument is unused:
  if_neg hd

Hint: Omit it from the simp argument list.
  [apply] simp only [rawErrorSlot, actualErrorCoefficients, supportedCorrection, dif_pos hs, if_neg hd]

Note: This linter can be disabled with `set_option linter.unusedSimpArgs false`
warning: WeightedQRH/NumeratorActualError.lean:94:2: Try this: 
  letI̵

The goal is a proposition, so `let` is preferred over `letI`.
The difference between `let` and `letI` is that `letI` inlines the value.
But this is not relevant for proofs because of proof irrelevance.

Note: This linter can be disabled with `set_option linter.style.haveILetI false`
warning: WeightedQRH/NumeratorActualError.lean:136:39: `if_pos` has been deprecated: Use `ite_eq_left` instead
warning: WeightedQRH/NumeratorActualError.lean:147:39: `if_neg` has been deprecated: Use `ite_eq_right` instead
warning: WeightedQRH/NumeratorActualError.lean:148:6: `if_false` has been deprecated: Use `ite_false` instead
warning: WeightedQRH/NumeratorActualError.lean:136:39: This simp argument is unused:
  if_pos hd

Hint: Omit it from the simp argument list.
  [apply] simp only [actualErrorCoefficients, errorSize, repeatedDeficit, hd, true_and, primeScale] at *

Note: This linter can be disabled with `set_option linter.unusedSimpArgs false`
warning: WeightedQRH/NumeratorActualError.lean:147:39: This simp argument is unused:
  if_neg hd

Hint: Omit it from the simp argument list.
  [apply] simp only [actualErrorCoefficients, errorSize, repeatedDeficit, hd, false_and, if_false, NNReal.coe_one,
    Real.one_rpow, mul_one]

Note: This linter can be disabled with `set_option linter.unusedSimpArgs false`
warning: WeightedQRH/NumeratorActualError.lean:141:32: Used `tac1 <;> tac2` where `(tac1; tac2)` would suffice

Note: This linter can be disabled with `set_option linter.unnecessarySeqFocus false`
warning: WeightedQRH/NumeratorActualError.lean:144:32: Used `tac1 <;> tac2` where `(tac1; tac2)` would suffice

Note: This linter can be disabled with `set_option linter.unnecessarySeqFocus false`
✔ [10682/11847] Built OAI.NumberTheory.DirichletL.Descent.GlobalPrincipalMassCount (6.0s)
✔ [10683/11847] Built OAI.NumberTheory.DirichletL.Moments.PlainPositiveScale (4.9s)
✔ [10684/11847] Built OAI.NumberTheory.DirichletL.PrimeRows.DiskControl (6.4s)
✔ [10685/11847] Built OAI.NumberTheory.DirichletL.Moments.DetectorDictionaryUniform (4.9s)
✔ [10686/11847] Built OAI.NumberTheory.DirichletL.Hecke.DetectorRawFiber (4.8s)
✔ [10687/11847] Built OAI.NumberTheory.DirichletL.Moments.DetectorDictionaryRelativeSlots (4.5s)
✔ [10688/11847] Built OAI.NumberTheory.DirichletL.Reflection.Surviving (4.8s)
✔ [10689/11847] Built OAI.NumberTheory.DirichletL.Reflection.FullDyadic (4.7s)
✔ [10690/11847] Built OAI.NumberTheory.DirichletL.PrimeRows.DyadBound (5.1s)
✔ [10691/11847] Built OAI.NumberTheory.DirichletL.Detector.GramScaleLoss (4.3s)
✔ [10692/11847] Built OAI.NumberTheory.DirichletL.PrimeRows.XShift (4.8s)
✔ [10693/11847] Built OAI.NumberTheory.DirichletL.Descent.SecondDeletedPhysicalRecursive (4.8s)
✔ [10694/11847] Built OAI.NumberTheory.DirichletL.Descent.WholePriorityPhysical (4.6s)
✔ [10695/11847] Built OAI.NumberTheory.DirichletL.Moments.FirstMixedCommonRadius (5.0s)
✔ [10696/11847] Built WeightedQRH.NumeratorFinitePacket (4.9s)
✔ [10697/11847] Built OAI.NumberTheory.DirichletL.Descent.GlobalPrincipalMassWeighted (4.7s)
✔ [10698/11847] Built WeightedQRH.NumeratorTupleRestoration (5.1s)
✔ [10699/11847] Built OAI.NumberTheory.DirichletL.Inversion.InitialEnergyCallerPhysical (5.4s)
✔ [10700/11847] Built WeightedQRH.NumeratorErrorPrimeSum (5.3s)
✔ [10701/11847] Built OAI.NumberTheory.DirichletL.Moments.PlainPositiveEnergy (5.5s)
✔ [10702/11847] Built OAI.NumberTheory.DirichletL.PrimeRows.CentralCosts (5.5s)
✔ [10703/11847] Built OAI.NumberTheory.DirichletL.Hecke.DetectorRawBranches (4.7s)
✔ [10704/11847] Built OAI.NumberTheory.DirichletL.PrimeRows.BufferedGrowth (6.6s)
✔ [10705/11847] Built OAI.NumberTheory.DirichletL.PrimeRows.BufferedHeightGrowth (6.9s)
✔ [10706/11847] Built OAI.NumberTheory.DirichletL.Detector.RowReflectedAllocation (6.0s)
✔ [10707/11847] Built OAI.NumberTheory.DirichletL.Moments.NaturalFixedRaySourceCharacters (4.7s)
✔ [10708/11847] Built OAI.NumberTheory.DirichletL.Moments.DetectorDictionaryUniformLog (4.9s)
✔ [10709/11847] Built OAI.NumberTheory.DirichletL.Reflection.DyadicTail (4.6s)
✔ [10710/11847] Built OAI.NumberTheory.DirichletL.Hecke.DetectorFiberPartition (5.2s)
✔ [10711/11847] Built OAI.NumberTheory.DirichletL.Reflection.AnnularNormalization (5.0s)
✔ [10712/11847] Built OAI.NumberTheory.DirichletL.Reflection.UniformFiltered (5.6s)
✔ [10713/11847] Built OAI.NumberTheory.DirichletL.Reflection.ShellSource (4.8s)
✔ [10714/11847] Built OAI.NumberTheory.DirichletL.PrimeRows.DyadIntegral (5.2s)
✔ [10715/11847] Built OAI.NumberTheory.DirichletL.Descent.SecondDeletedMovingEnergyUniform (4.7s)
✔ [10716/11847] Built OAI.NumberTheory.DirichletL.Descent.PhysicalBlockBudget (4.8s)
✔ [10717/11847] Built OAI.NumberTheory.DirichletL.Descent.WholeRetainedSource (4.8s)
✔ [10718/11847] Built OAI.NumberTheory.DirichletL.Descent.GlobalPriorityTailMass (4.0s)
✔ [10719/11847] Built OAI.NumberTheory.DirichletL.Moments.FirstMixedNormalization (5.4s)
✔ [10720/11847] Built OAI.NumberTheory.DirichletL.Inversion.SecondChildWindows (6.3s)
✔ [10721/11847] Built OAI.NumberTheory.DirichletL.Descent.GlobalPrincipalMassSource (5.2s)
✔ [10722/11847] Built WeightedQRH.NumeratorErrorPacket (6.2s)
✔ [10723/11847] Built OAI.NumberTheory.DirichletL.Inversion.InitialEnergyCallerClipping (4.9s)
✔ [10724/11847] Built WeightedQRH.NumeratorPrimeSeparation (6.9s)
✔ [10725/11847] Built OAI.NumberTheory.DirichletL.Hecke.DetectorCountFromMoments (6.7s)
✔ [10726/11847] Built OAI.NumberTheory.DirichletL.Detector.GramBound (11s)
✔ [10727/11847] Built OAI.NumberTheory.DirichletL.Moments.NaturalFixedRaySourceInternal (4.8s)
✔ [10728/11847] Built OAI.NumberTheory.DirichletL.Detector.CentralRepeatedProduct (6.2s)
✔ [10729/11847] Built OAI.NumberTheory.DirichletL.Moments.DetectorDictionaryUniformHeight (5.6s)
✔ [10730/11847] Built OAI.NumberTheory.DirichletL.Reflection.DyadicBox (5.7s)
✔ [10731/11847] Built OAI.NumberTheory.DirichletL.Reflection.UniformTail (6.2s)
✔ [10732/11847] Built OAI.NumberTheory.DirichletL.Hecke.DetectorAmplitudeFirst (5.6s)
✔ [10733/11847] Built OAI.NumberTheory.DirichletL.Hecke.DetectorBatch (6.0s)
✔ [10734/11847] Built OAI.NumberTheory.DirichletL.Reflection.TerminalThreshold (6.4s)
✔ [10735/11847] Built OAI.NumberTheory.DirichletL.PrimeRows.CoarsePhysical (9.8s)
✔ [10736/11847] Built OAI.NumberTheory.DirichletL.PrimeRows.TailScales (4.2s)
✔ [10737/11847] Built OAI.NumberTheory.DirichletL.Reflection.ShellDomains (4.6s)
✔ [10738/11847] Built OAI.NumberTheory.DirichletL.Reflection.UniformPhysical (6.9s)
✔ [10739/11847] Built OAI.NumberTheory.DirichletL.PrimeRows.FixedIntegral (5.4s)
✔ [10740/11847] Built OAI.NumberTheory.DirichletL.Descent.SecondDeletedMovingMassUniform (4.0s)
✔ [10741/11847] Built OAI.NumberTheory.DirichletL.Inversion.WholePriorityValidSource (4.3s)
✔ [10742/11847] Built OAI.NumberTheory.DirichletL.Dictionary.InverseRawRadial (4.4s)
✔ [10743/11847] Built OAI.NumberTheory.DirichletL.Inversion.SecondSourceBlocks (4.8s)
✔ [10744/11847] Built OAI.NumberTheory.DirichletL.Descent.ClippedFourier (4.7s)
✔ [10745/11847] Built OAI.NumberTheory.DirichletL.Descent.FirstChildWindows (4.0s)
✔ [10746/11847] Built OAI.NumberTheory.DirichletL.Descent.PriorityProfile (4.7s)
✔ [10747/11847] Built OAI.NumberTheory.DirichletL.Inversion.InitialOverlapFresh (4.4s)
✔ [10748/11847] Built OAI.NumberTheory.DirichletL.Descent.GlobalPrincipalMassPrefactor (5.1s)
✔ [10749/11847] Built OAI.NumberTheory.DirichletL.Detector.LowGramApplied (4.0s)
✔ [10750/11847] Built OAI.NumberTheory.DirichletL.Hecke.DetectorHighCount (5.9s)
✔ [10751/11847] Built OAI.NumberTheory.DirichletL.Dictionary.InverseUniformLog (4.7s)
✔ [10752/11847] Built OAI.NumberTheory.DirichletL.Moments.DetectorDictionaryUniformTests (4.9s)
✔ [10753/11847] Built OAI.NumberTheory.DirichletL.Reflection.TruncatedSource (4.7s)
✔ [10754/11847] Built OAI.NumberTheory.DirichletL.Hecke.DetectorClassBudget (4.7s)
✔ [10755/11847] Built OAI.NumberTheory.DirichletL.Detector.CentralRepeatedSum (6.3s)
✔ [10756/11847] Built OAI.NumberTheory.DirichletL.PrimeRows.SmallDyad (4.6s)
✔ [10757/11847] Built WeightedQRH.HighRows.TailScales (4.8s)
✔ [10758/11847] Built OAI.NumberTheory.DirichletL.Reflection.ThresholdError (4.0s)
✔ [10759/11847] Built OAI.NumberTheory.DirichletL.Inversion.ReflectedArithmeticHeight (6.7s)
✔ [10760/11847] Built OAI.NumberTheory.DirichletL.Reflection.ShellRows (4.8s)
✔ [10761/11847] Built OAI.NumberTheory.DirichletL.PrimeRows.WZTransport (5.1s)
✔ [10762/11847] Built OAI.NumberTheory.DirichletL.Descent.SecondBlockEnergyWindowOrderUniform (5.2s)
✔ [10763/11847] Built OAI.NumberTheory.DirichletL.Dictionary.InverseMarkedPadding (4.4s)
✔ [10764/11847] Built OAI.NumberTheory.DirichletL.Inversion.WholePriorityRetainedSource (5.3s)
✔ [10765/11847] Built OAI.NumberTheory.DirichletL.Dictionary.InverseRawRealRadial (4.8s)
✔ [10766/11847] Built OAI.NumberTheory.DirichletL.Descent.FirstChildWindowsActual (4.7s)
✔ [10767/11847] Built OAI.NumberTheory.DirichletL.Descent.ClippedEnergy (5.0s)
✔ [10768/11847] Built OAI.NumberTheory.DirichletL.Inversion.InitialOverlapSource (4.3s)
✔ [10769/11847] Built OAI.NumberTheory.DirichletL.Descent.SecondCellPhysical (4.6s)
✔ [10770/11847] Built OAI.NumberTheory.DirichletL.Inversion.InitialUniformFresh (4.6s)
✔ [10771/11847] Built OAI.NumberTheory.DirichletL.Detector.LowGramScale (4.6s)
✔ [10772/11847] Built OAI.NumberTheory.DirichletL.Detector.LowGramIntegrated (5.2s)
✔ [10773/11847] Built OAI.NumberTheory.DirichletL.Hecke.DetectorHighBatchCount (4.4s)
✔ [10774/11847] Built OAI.NumberTheory.DirichletL.Moments.AllocatedDetectorAmplitude (4.5s)
✔ [10775/11847] Built OAI.NumberTheory.DirichletL.Moments.UniformReflectionProfile (5.3s)
✔ [10776/11847] Built OAI.NumberTheory.DirichletL.Moments.NaturalFixedRaySourceAllocatedErrorMass (5.0s)
✔ [10777/11847] Built OAI.NumberTheory.DirichletL.Dictionary.InverseUniformScale (4.9s)
✔ [10778/11847] Built OAI.NumberTheory.DirichletL.Detector.CentralRepeatedSubset (5.1s)
✔ [10779/11847] Built OAI.NumberTheory.DirichletL.Hecke.DetectorFixedAmplitudeCount (4.0s)
✔ [10780/11847] Built OAI.NumberTheory.DirichletL.PrimeRows.LargeDyad (4.9s)
✔ [10781/11847] Built OAI.NumberTheory.DirichletL.PrimeRows.SmallSum (5.2s)
✔ [10782/11847] Built OAI.NumberTheory.DirichletL.Reflection.FamilyTail (6.2s)
✔ [10783/11847] Built OAI.NumberTheory.DirichletL.Reflection.AnnularExponent (4.6s)
✔ [10784/11847] Built OAI.NumberTheory.DirichletL.Reflection.WholeRow (4.7s)
✔ [10785/11847] Built OAI.NumberTheory.DirichletL.PrimeRows.FirstIntegral (5.0s)
✔ [10786/11847] Built OAI.NumberTheory.DirichletL.Dictionary.InverseMarkedReferenceDivisors (4.3s)
✔ [10787/11847] Built OAI.NumberTheory.DirichletL.Reflection.UniformPhysicalUniformDegree (6.3s)
✔ [10788/11847] Built OAI.NumberTheory.DirichletL.Descent.GlobalPrioritySource (4.2s)
✔ [10789/11847] Built OAI.NumberTheory.DirichletL.PrimeRows.SourceTransport (5.0s)
✔ [10790/11847] Built OAI.NumberTheory.DirichletL.Descent.ClippedUniform (4.7s)
✔ [10791/11847] Built OAI.NumberTheory.DirichletL.Dictionary.InverseRawFourier (4.8s)
✔ [10792/11847] Built OAI.NumberTheory.DirichletL.Inversion.InitialCommonCutoff (4.6s)
✔ [10793/11847] Built OAI.NumberTheory.DirichletL.Descent.PriorityCellEnergyWindowOrderUniform (4.9s)
✔ [10794/11847] Built WeightedQRH.LowDetector.LowGramScale (4.4s)
✔ [10795/11847] Built OAI.NumberTheory.DirichletL.Descent.SecondCellParameters (5.9s)
✔ [10796/11847] Built OAI.NumberTheory.DirichletL.Moments.ExceptionalAmplitudePair (4.4s)
✔ [10797/11847] Built OAI.NumberTheory.DirichletL.Detector.LowTupleGram (4.7s)
✔ [10798/11847] Built WeightedQRH.NumeratorReflectionProfiles (4.6s)
✔ [10799/11847] Built OAI.NumberTheory.DirichletL.Moments.UniformReflectionApproximation (5.7s)
✔ [10800/11847] Built OAI.NumberTheory.DirichletL.Moments.UniformReflectionScale (4.6s)
✔ [10801/11847] Built OAI.NumberTheory.DirichletL.Descent.FirstChildWindowsCells (9.8s)
✔ [10802/11847] Built OAI.NumberTheory.DirichletL.Dictionary.InverseUniformFamily (4.8s)
✔ [10803/11847] Built WeightedQRH.HighRows.LargeDyad (4.7s)
✔ [10804/11847] Built OAI.NumberTheory.DirichletL.Moments.FiniteProfileExceptionalAmplitude (7.4s)
✔ [10805/11847] Built OAI.NumberTheory.DirichletL.PrimeRows.GeometricTail (4.8s)
✔ [10806/11847] Built OAI.NumberTheory.DirichletL.Detector.CentralAllSlots (7.1s)
✔ [10807/11847] Built OAI.NumberTheory.DirichletL.Reflection.TailAbsorption (5.1s)
✔ [10808/11847] Built OAI.NumberTheory.DirichletL.Reflection.UpperThreshold (4.6s)
✔ [10809/11847] Built OAI.NumberTheory.DirichletL.PrimeRows.SmallTail (6.0s)
✔ [10810/11847] Built OAI.NumberTheory.DirichletL.Reflection.FamilyTailUniformDegree (5.6s)
✔ [10811/11847] Built OAI.NumberTheory.DirichletL.Dictionary.InverseMarkedReferenceTuples (5.4s)
✔ [10812/11847] Built OAI.NumberTheory.DirichletL.PrimeRows.FirstTransport (5.9s)
✔ [10813/11847] Built OAI.NumberTheory.DirichletL.Reflection.RowTail (6.0s)
✔ [10814/11847] Built OAI.NumberTheory.DirichletL.Dictionary.InverseRawEnergy (5.7s)
✔ [10815/11847] Built OAI.NumberTheory.DirichletL.PrimeRows.BufferedIntegral (6.8s)
✔ [10816/11847] Built OAI.NumberTheory.DirichletL.PrimeRows.PhysicalDyad (6.3s)
✔ [10817/11847] Built OAI.NumberTheory.DirichletL.Inversion.InitialEnergyCallerUniform (5.9s)
✔ [10818/11847] Built OAI.NumberTheory.DirichletL.Descent.ClippedChild (5.4s)
✔ [10819/11847] Built OAI.NumberTheory.DirichletL.Inversion.InitialCommonTransform (5.4s)
✔ [10820/11847] Built OAI.NumberTheory.DirichletL.Descent.PriorityCellBudget (5.3s)
✔ [10821/11847] Built OAI.NumberTheory.DirichletL.Descent.PriorityMovingRadiusWindowOrderUniform (6.0s)
✔ [10822/11847] Built OAI.NumberTheory.DirichletL.Moments.SecondExceptionalAggregate (5.1s)
✔ [10823/11847] Built OAI.NumberTheory.DirichletL.Moments.SourceInputTailUniform (7.5s)
✔ [10824/11847] Built OAI.NumberTheory.DirichletL.Moments.SecondNonexceptionalAggregate (5.2s)
✔ [10825/11847] Built OAI.NumberTheory.DirichletL.Moments.FirstPhysicalDyadicCountSource (5.3s)
✔ [10826/11847] Built OAI.NumberTheory.DirichletL.Moments.ExceptionalWholeSource (5.4s)
✔ [10827/11847] Built OAI.NumberTheory.DirichletL.Detector.LowSourceScales (5.4s)
✔ [10828/11847] Built OAI.NumberTheory.DirichletL.Moments.UniformReflectionChoices (4.8s)
✔ [10829/11847] Built OAI.NumberTheory.DirichletL.Moments.FirstPhysicalSourceSupport (6.7s)
✔ [10830/11847] Built OAI.NumberTheory.DirichletL.Descent.FirstOriginalProfileData (4.9s)
✔ [10831/11847] Built OAI.NumberTheory.DirichletL.Moments.UniformOriginalEnergy (5.0s)
✔ [10832/11847] Built OAI.NumberTheory.DirichletL.Dictionary.InverseUniformTests (4.8s)
✔ [10833/11847] Built OAI.NumberTheory.DirichletL.Moments.FiniteProfileExceptionalPair (4.6s)
✔ [10834/11847] Built WeightedQRH.HighRows.GeometricTail (4.7s)
✔ [10835/11847] Built OAI.NumberTheory.DirichletL.PrimeRows.LargeTail (5.0s)
✔ [10836/11847] Built WeightedQRH.RowConductor (9.6s)
✔ [10837/11847] Built OAI.NumberTheory.DirichletL.Reflection.SourceScaleCaps (5.1s)
✔ [10838/11847] Built OAI.NumberTheory.DirichletL.Reflection.RetainedWidth (4.6s)
✔ [10839/11847] Built OAI.NumberTheory.DirichletL.Reflection.TailEnergyBudget (5.0s)
✔ [10840/11847] Built OAI.NumberTheory.DirichletL.Reflection.BranchCount (4.5s)
✔ [10841/11847] Built OAI.NumberTheory.DirichletL.Reflection.CanonicalPool (4.3s)
✔ [10842/11847] Built OAI.NumberTheory.DirichletL.Reflection.UniformNormalized (5.3s)
✔ [10843/11847] Built OAI.NumberTheory.DirichletL.Dictionary.InverseMarkedReferenceProducts (4.7s)
✔ [10844/11847] Built WeightedQRH.HighRows.SmallTail (5.8s)
✔ [10845/11847] Built OAI.NumberTheory.DirichletL.Reflection.WholeTail (4.6s)
✔ [10846/11847] Built OAI.NumberTheory.DirichletL.Reflection.RowTailUniformDegree (5.2s)
✔ [10847/11847] Built OAI.NumberTheory.DirichletL.PrimeRows.TailIntegral (4.7s)
✔ [10848/11847] Built OAI.NumberTheory.DirichletL.Dictionary.InverseRawCompact (5.1s)
✔ [10849/11847] Built OAI.NumberTheory.DirichletL.PrimeRows.SliceIntegral (4.9s)
✔ [10850/11847] Built OAI.NumberTheory.DirichletL.PrimeRows.BufferedTransport (4.8s)
✔ [10851/11847] Built OAI.NumberTheory.DirichletL.Detector.CanonicalPhysicalRows (4.6s)
✔ [10852/11847] Built OAI.NumberTheory.DirichletL.PrimeRows.CoarseAmplitude (5.9s)
✔ [10853/11847] Built OAI.NumberTheory.DirichletL.PrimeRows.PhysicalSmallTail (5.4s)
✔ [10854/11847] Built OAI.NumberTheory.DirichletL.Inversion.InitialLargePool (5.0s)
✔ [10855/11847] Built OAI.NumberTheory.DirichletL.Moments.SourceInputTailSeed (4.0s)
✔ [10856/11847] Built OAI.NumberTheory.DirichletL.Descent.PrioritySourceBudget (4.7s)
✔ [10857/11847] Built OAI.NumberTheory.DirichletL.Moments.SourceInputFirstTailUniform (4.6s)
✔ [10858/11847] Built OAI.NumberTheory.DirichletL.Moments.ExceptionalMaskedSource (4.4s)
✔ [10859/11847] Built WeightedQRH.LowDetector.LowSourceScales (4.8s)
✔ [10860/11847] Built OAI.NumberTheory.DirichletL.Detector.LowSlotScales (4.8s)
✔ [10861/11847] Built OAI.NumberTheory.DirichletL.Moments.UniformRetainedEnergy (4.0s)
✔ [10862/11847] Built OAI.NumberTheory.DirichletL.Moments.SourceInputZeroUniform (6.2s)
✔ [10863/11847] Built OAI.NumberTheory.DirichletL.Inversion.InitialEnergyCallerReference (9.5s)
✔ [10864/11847] Built OAI.NumberTheory.DirichletL.Descent.FirstOriginalProfileIdentity (4.9s)
✔ [10865/11847] Built OAI.NumberTheory.DirichletL.Moments.FirstNonexceptionalPrefactor (5.6s)
✔ [10866/11847] Built OAI.NumberTheory.DirichletL.Dictionary.InverseUniformSource (4.0s)
✔ [10867/11847] Built OAI.NumberTheory.DirichletL.Moments.FiniteProfileExceptionalStability (5.2s)
✔ [10868/11847] Built OAI.NumberTheory.DirichletL.Moments.SecondSourceDiagonal (6.2s)
✔ [10869/11847] Built OAI.NumberTheory.DirichletL.PrimeRows.LargeSaving (5.5s)
✔ [10870/11847] Built WeightedQRH.HighRows.LargeTail (6.4s)
✔ [10871/11847] Built OAI.NumberTheory.DirichletL.Reflection.SurvivingGate (5.9s)
✔ [10872/11847] Built OAI.NumberTheory.DirichletL.Reflection.RetainedCaps (5.8s)
✔ [10873/11847] Built OAI.NumberTheory.DirichletL.Reflection.CountBudget (6.4s)
✔ [10874/11847] Built OAI.NumberTheory.DirichletL.Reflection.TailEnergyBudgetUniformDegree (6.7s)
✔ [10875/11847] Built OAI.NumberTheory.DirichletL.Reflection.MarkedRow (6.8s)
✔ [10876/11847] Built OAI.NumberTheory.DirichletL.Reflection.UniformNormalizedUniformDegree (6.0s)
✔ [10877/11847] Built OAI.NumberTheory.DirichletL.Reflection.SectorNormalized (6.1s)
✔ [10878/11847] Built OAI.NumberTheory.DirichletL.Inversion.InitialMarkedAssignedGeometry (5.6s)
✔ [10879/11847] Built OAI.NumberTheory.DirichletL.Dictionary.InverseMarkedReferenceOverlap (5.3s)
✔ [10880/11847] Built OAI.NumberTheory.DirichletL.Reflection.WholeTailUniformDegree (5.2s)
✔ [10881/11847] Built WeightedQRH.NumeratorDeficit (10s)
✔ [10882/11847] Built OAI.NumberTheory.DirichletL.Detector.PrincipalPhysical (4.8s)
⚠ [10883/11847] Built WeightedQRH.NumeratorDiscarded (11s)
warning: WeightedQRH/NumeratorDiscarded.lean:85:69: Used `tac1 <;> tac2` where `(tac1; tac2)` would suffice

Note: This linter can be disabled with `set_option linter.unnecessarySeqFocus false`
info: WeightedQRH/NumeratorDiscarded.lean:121:68: Try this:
  [apply] ring_nf
  
  The `ring` tactic failed to close the goal. Use `ring_nf` to obtain a normal form.
    
  Note that `ring` works primarily in *commutative* rings. If you have a noncommutative ring, abelian group or module, consider using `noncomm_ring`, `abel` or `module` instead.
warning: WeightedQRH/NumeratorDiscarded.lean:102:5: Variable name `hc` is not explicitly referenced.

Hint: The binding can be removed (if unused) or named `_` (if used implicitly). Alternatively, prefix the name with `_` to silence this warning:
  [apply] _hc

Note: This linter can be disabled with `set_option linter.unusedVariables false`
warning: WeightedQRH/NumeratorDiscarded.lean:102:20: Variable name `ht` is not explicitly referenced.

Hint: The binding can be removed (if unused) or named `_` (if used implicitly). Alternatively, prefix the name with `_` to silence this warning:
  [apply] _ht

Note: This linter can be disabled with `set_option linter.unusedVariables false`
warning: WeightedQRH/NumeratorDiscarded.lean:102:35: Variable name `hq` is not explicitly referenced.

Hint: The binding can be removed (if unused) or named `_` (if used implicitly). Alternatively, prefix the name with `_` to silence this warning:
  [apply] _hq

Note: This linter can be disabled with `set_option linter.unusedVariables false`
✔ [10884/11847] Built OAI.NumberTheory.DirichletL.PrimeRows.UniformTail (5.1s)
✔ [10885/11847] Built OAI.NumberTheory.DirichletL.PrimeRows.BufferedJoinDecay (6.8s)
✔ [10886/11847] Built WeightedQRH.HighRows.PhysicalSmallTail (5.4s)
✔ [10887/11847] Built OAI.NumberTheory.DirichletL.Inversion.InitialCompletePool (4.8s)
✔ [10888/11847] Built OAI.NumberTheory.DirichletL.Descent.ActualChildState (4.7s)
✔ [10889/11847] Built OAI.NumberTheory.DirichletL.Descent.WholePriorityBranches (4.2s)
✔ [10890/11847] Built OAI.NumberTheory.DirichletL.Descent.GlobalPriorityPhysical (4.6s)
✔ [10891/11847] Built OAI.NumberTheory.DirichletL.PrimeRows.UniformSlices (6.7s)
✔ [10892/11847] Built OAI.NumberTheory.DirichletL.Descent.PriorityRetainedMovingRadiusWindowOrderUniform (6.8s)
✔ [10893/11847] Built OAI.NumberTheory.DirichletL.Moments.ExceptionalAsymmetricSource (4.2s)
✔ [10894/11847] Built OAI.NumberTheory.DirichletL.Moments.SourceInputFirstSectorTailUniform (5.8s)
✔ [10895/11847] Built WeightedQRH.LowDetector.LowSlotScales (4.3s)
✔ [10896/11847] Built OAI.NumberTheory.DirichletL.Moments.CommonLinearSource (5.0s)
✔ [10897/11847] Built OAI.NumberTheory.DirichletL.Detector.LowUnselectedMass (4.8s)
✔ [10898/11847] Built OAI.NumberTheory.DirichletL.Detector.LowNominalGeometry (4.0s)
✔ [10899/11847] Built OAI.NumberTheory.DirichletL.Moments.UniformNaturalRetained (4.8s)
⚠ [10900/11847] Built WeightedQRH.NumeratorReflectionRetained (5.0s)
warning: WeightedQRH/NumeratorReflectionRetained.lean:93:10: `if_pos` has been deprecated: Use `ite_eq_left` instead
warning: WeightedQRH/NumeratorReflectionRetained.lean:95:10: `if_pos` has been deprecated: Use `ite_eq_left` instead
warning: WeightedQRH/NumeratorReflectionRetained.lean:95:20: `if_pos` has been deprecated: Use `ite_eq_left` instead
warning: WeightedQRH/NumeratorReflectionRetained.lean:98:10: `if_neg` has been deprecated: Use `ite_eq_right` instead
warning: WeightedQRH/NumeratorReflectionRetained.lean:101:10: `if_neg` has been deprecated: Use `ite_eq_right` instead
✔ [10901/11847] Built OAI.NumberTheory.DirichletL.Descent.FirstOriginalProfileCells (4.6s)
✔ [10902/11847] Built OAI.NumberTheory.DirichletL.Inversion.InitialEnergyCallerGeometry (5.1s)
✔ [10903/11847] Built OAI.NumberTheory.DirichletL.Moments.FirstPhysicalSourceFixedSource (4.6s)
✔ [10904/11847] Built OAI.NumberTheory.DirichletL.Moments.FirstNonexceptionalWeightSum (3.9s)
✔ [10905/11847] Built OAI.NumberTheory.DirichletL.Moments.FirstExceptionalPrefactorActual (4.4s)
✔ [10906/11847] Built OAI.NumberTheory.DirichletL.Energy.Profiles (4.4s)
✔ [10907/11847] Built OAI.NumberTheory.DirichletL.Dictionary.InverseClippedUniform (5.4s)
✔ [10908/11847] Built WeightedQRH.HighRows.LargeSaving (4.3s)
✔ [10909/11847] Built OAI.NumberTheory.DirichletL.Reflection.MarkedOverlap (4.5s)
✔ [10910/11847] Built OAI.NumberTheory.DirichletL.PrimeRows.PhysicalLargeTail (5.0s)
✔ [10911/11847] Built OAI.NumberTheory.DirichletL.Reflection.SectorNormalizedUniformDegree (4.7s)
✔ [10912/11847] Built OAI.NumberTheory.DirichletL.Reflection.LiteralNormalized (5.3s)
✔ [10913/11847] Built OAI.NumberTheory.DirichletL.PrimeRows.HorizontalIntegral (4.9s)
✔ [10914/11847] Built OAI.NumberTheory.DirichletL.Inversion.InitialExcludedPool (4.5s)
✔ [10915/11847] Built OAI.NumberTheory.DirichletL.Descent.ActualChildStateLabels (4.1s)
✔ [10916/11847] Built OAI.NumberTheory.DirichletL.Descent.ActualChildStateSupport (4.2s)
✔ [10917/11847] Built OAI.NumberTheory.DirichletL.Descent.WholePriorityParentBounds (4.3s)
✔ [10918/11847] Built OAI.NumberTheory.DirichletL.Detector.PrincipalPhysicalRemainder (6.0s)
✔ [10919/11847] Built WeightedQRH.PrincipalRemainderPhysical (7.0s)
✔ [10920/11847] Built OAI.NumberTheory.DirichletL.Descent.GlobalPriorityAggregate (4.1s)
✔ [10921/11847] Built OAI.NumberTheory.DirichletL.Descent.GlobalParentSource (4.1s)
✔ [10922/11847] Built WeightedQRH.NumeratorMassDamping (8.6s)
✔ [10923/11847] Built OAI.NumberTheory.DirichletL.Descent.GlobalPriorityBranches (4.5s)
✔ [10924/11847] Built OAI.NumberTheory.DirichletL.Moments.FiniteProfileExceptionalCommonAsymmetric (5.3s)
✔ [10925/11847] Built WeightedQRH.LowDetector.LowOriginalPools (4.5s)
✔ [10926/11847] Built OAI.NumberTheory.DirichletL.Moments.SourceInputFirstSectorTailNatural (4.7s)
✔ [10927/11847] Built OAI.NumberTheory.DirichletL.Moments.CommonLinearNormalization (4.5s)
✔ [10928/11847] Built OAI.NumberTheory.DirichletL.Moments.CommonExceptionalGates (4.5s)
✔ [10929/11847] Built OAI.NumberTheory.DirichletL.Detector.LowCentralGeometry (4.4s)
✔ [10930/11847] Built OAI.NumberTheory.DirichletL.Moments.UniformOriginalComparison (4.8s)
✔ [10931/11847] Built OAI.NumberTheory.DirichletL.Descent.FirstOriginalProfileScales (4.5s)
✔ [10932/11847] Built OAI.NumberTheory.DirichletL.Descent.FirstOriginalProfileWindows (4.5s)
✔ [10933/11847] Built OAI.NumberTheory.DirichletL.Inversion.InitialEnergyCallerSourceMask (4.5s)
✔ [10934/11847] Built OAI.NumberTheory.DirichletL.Descent.FirstOriginalProfileAssembly (4.7s)
✔ [10935/11847] Built OAI.NumberTheory.DirichletL.Moments.FirstNonexceptionalLocalWeightSum (4.0s)
✔ [10936/11847] Built OAI.NumberTheory.DirichletL.Moments.FirstPhysicalSourceFixedEnergy (4.6s)
⚠ [10937/11847] Built WeightedQRH.NumeratorRetainedGeometry (7.4s)
warning: WeightedQRH/NumeratorRetainedGeometry.lean:28:53: Variable name `hC` is not explicitly referenced.

Hint: The binding can be removed (if unused) or named `_` (if used implicitly). Alternatively, prefix the name with `_` to silence this warning:
  [apply] _hC

Note: This linter can be disabled with `set_option linter.unusedVariables false`
✔ [10938/11847] Built OAI.NumberTheory.DirichletL.Energy.AllocatedProfiles (4.4s)
✔ [10939/11847] Built OAI.NumberTheory.DirichletL.Moments.FirstAnnularMajorant (4.8s)
✔ [10940/11847] Built OAI.NumberTheory.DirichletL.Dictionary.InverseRawUniform (4.7s)
✔ [10941/11847] Built OAI.NumberTheory.DirichletL.Moments.FirstMixedRoot (6.0s)
✔ [10942/11847] Built OAI.NumberTheory.DirichletL.Reflection.MarkedJoined (4.8s)
✔ [10943/11847] Built WeightedQRH.HighRows.PhysicalLargeTail (5.0s)
✔ [10944/11847] Built OAI.NumberTheory.DirichletL.Reflection.LiteralNormalizedUniformDegree (5.1s)
✔ [10945/11847] Built OAI.NumberTheory.DirichletL.PrimeRows.UniformJoins (5.4s)
✔ [10946/11847] Built OAI.NumberTheory.DirichletL.Inversion.InitialResidualPool (4.0s)
✔ [10947/11847] Built OAI.NumberTheory.DirichletL.Inversion.InitialExcludedOverlap (4.1s)
✔ [10948/11847] Built OAI.NumberTheory.DirichletL.PrimeRows.BufferedJoins (5.2s)
✔ [10949/11847] Built OAI.NumberTheory.DirichletL.Descent.ActualChildStateRadius (4.0s)
✔ [10950/11847] Built OAI.NumberTheory.DirichletL.Descent.ActualChildStateTriples (4.2s)
✔ [10951/11847] Built OAI.NumberTheory.DirichletL.Descent.GlobalPriorityTailCollapse (4.2s)
✔ [10952/11847] Built OAI.NumberTheory.DirichletL.Descent.GlobalParentEnergy (5.6s)
✔ [10953/11847] Built OAI.NumberTheory.DirichletL.Descent.GlobalPriorityMass (4.7s)
✔ [10954/11847] Built OAI.NumberTheory.DirichletL.Detector.PrincipalNormalized (7.7s)
✔ [10955/11847] Built WeightedQRH.LowDetector.LowNominalGeometry (5.3s)
✔ [10956/11847] Built OAI.NumberTheory.DirichletL.Moments.SourceInputFirstRemainder (5.3s)
✔ [10957/11847] Built OAI.NumberTheory.DirichletL.PrimeRows.RowPartition (12s)
✔ [10958/11847] Built OAI.NumberTheory.DirichletL.Moments.FirstChildLower (4.0s)
✔ [10959/11847] Built OAI.NumberTheory.DirichletL.Moments.CommonPairedSource (5.4s)
✔ [10960/11847] Built OAI.NumberTheory.DirichletL.Moments.FiniteProfileExceptionalCommonGates (5.4s)
✔ [10961/11847] Built WeightedQRH.PrincipalRemainderPhysicalBounds (9.5s)
✔ [10962/11847] Built WeightedQRH.NumeratorErrorLabels (8.3s)
✔ [10963/11847] Built WeightedQRH.NumeratorPacketMellin (8.8s)
✔ [10964/11847] Built OAI.NumberTheory.DirichletL.Detector.LowInverseNormalize (4.7s)
✔ [10965/11847] Built OAI.NumberTheory.DirichletL.Moments.UniformRadialComparison (4.9s)
✔ [10966/11847] Built OAI.NumberTheory.DirichletL.Inversion.InitialEnergyCallerRanges (4.6s)
✔ [10967/11847] Built OAI.NumberTheory.DirichletL.Moments.FirstPhysicalSourceAllocatedInput (4.9s)
✔ [10968/11847] Built OAI.NumberTheory.DirichletL.Moments.FirstPhysicalSourceCommonBound (5.2s)
✔ [10969/11847] Built OAI.NumberTheory.DirichletL.Moments.FirstAnnularEnergy (5.2s)
✔ [10970/11847] Built OAI.NumberTheory.DirichletL.Dictionary.InverseMarkedUniform (5.4s)
✔ [10971/11847] Built OAI.NumberTheory.DirichletL.Reflection.MarkedSource (4.5s)
✔ [10972/11847] Built OAI.NumberTheory.DirichletL.Moments.FirstMixedNormalizationActual (5.8s)
✔ [10973/11847] Built OAI.NumberTheory.DirichletL.Moments.FirstMixedRightTransport (5.1s)
✔ [10974/11847] Built OAI.NumberTheory.DirichletL.Inversion.InitialExcludedForcing (4.9s)
✔ [10975/11847] Built OAI.NumberTheory.DirichletL.Descent.ActualDepthBudget (4.4s)
✔ [10976/11847] Built OAI.NumberTheory.DirichletL.Inversion.SecondUniformCutoff (5.1s)
✔ [10977/11847] Built OAI.NumberTheory.DirichletL.PrimeRows.CentralIntegral (5.6s)
✔ [10978/11847] Built OAI.NumberTheory.DirichletL.Inversion.FirstGlobalParents (4.5s)
✔ [10979/11847] Built OAI.NumberTheory.DirichletL.Descent.GlobalPriorityZero (4.9s)
✔ [10980/11847] Built OAI.NumberTheory.DirichletL.Descent.GlobalPriorityTail (5.5s)
✔ [10981/11847] Built WeightedQRH.LowDetector.LowCentralGeometry (4.0s)
⚠ [10982/11847] Built WeightedQRH.LowDetector.LowUnselectedMass (4.9s)
warning: WeightedQRH/LowDetector/LowUnselectedMass.lean:84:35: Variable name `hT` is not explicitly referenced.

Hint: The binding can be removed (if unused) or named `_` (if used implicitly). Alternatively, prefix the name with `_` to silence this warning:
  [apply] _hT

Note: This linter can be disabled with `set_option linter.unusedVariables false`
✔ [10983/11847] Built OAI.NumberTheory.DirichletL.PrimeRows.CubeNormalizer (5.5s)
✔ [10984/11847] Built OAI.NumberTheory.DirichletL.Moments.FirstSourceReduction (5.2s)
✔ [10985/11847] Built OAI.NumberTheory.DirichletL.PrimeRows.SmallPartition (4.3s)
✔ [10986/11847] Built OAI.NumberTheory.DirichletL.Detector.RayCharacterFamily (5.1s)
✔ [10987/11847] Built OAI.NumberTheory.DirichletL.PrimeRows.CentralRowCost (5.9s)
✔ [10988/11847] Built OAI.NumberTheory.DirichletL.Moments.FirstSecondInputGates (4.4s)
✔ [10989/11847] Built OAI.NumberTheory.DirichletL.Moments.CommonWindowColumn (4.9s)
⚠ [10990/11847] Built WeightedQRH.NumeratorReflectionData (8.0s)
warning: WeightedQRH/NumeratorReflectionData.lean:50:2: Try this: 
  letI̵

The goal is a proposition, so `let` is preferred over `letI`.
The difference between `let` and `letI` is that `letI` inlines the value.
But this is not relevant for proofs because of proof irrelevance.

Note: This linter can be disabled with `set_option linter.style.haveILetI false`
✔ [10991/11847] Built OAI.NumberTheory.DirichletL.Moments.CommonExceptionalCost (4.0s)
✔ [10992/11847] Built OAI.NumberTheory.DirichletL.Descent.FirstLiveCaps (16s)
✔ [10993/11847] Built OAI.NumberTheory.DirichletL.Moments.CommonMaskRadialEnergy (6.1s)
✔ [10994/11847] Built OAI.NumberTheory.DirichletL.Inversion.InitialEnergyCallerWindows (5.6s)
✔ [10995/11847] Built OAI.NumberTheory.DirichletL.Moments.FirstPhysicalAnnularCommonBound (5.6s)
✔ [10996/11847] Built OAI.NumberTheory.DirichletL.Reflection.MarkedActualSource (4.8s)
✔ [10997/11847] Built OAI.NumberTheory.DirichletL.Reflection.Reindex (5.0s)
✔ [10998/11847] Built OAI.NumberTheory.DirichletL.Reflection.MarkedRestriction (4.5s)
✔ [10999/11847] Built OAI.NumberTheory.DirichletL.Moments.FirstCommonSourceBudget (6.3s)
⚠ [11000/11847] Built WeightedQRH.NumeratorLabelPacket (9.5s)
warning: WeightedQRH/NumeratorLabelPacket.lean:18:0: automatically included section variable(s) unused in theorem `WeightedQRH.Numerator.labelSupported`:
  [DecidableEq ι]
consider restructuring your `variable` declarations so that the variables are not in scope or explicitly omit them:
  omit [DecidableEq ι] in theorem ...

Note: This linter can be disabled with `set_option linter.unusedSectionVars false`
warning: WeightedQRH/NumeratorLabelPacket.lean:51:0: automatically included section variable(s) unused in theorem `WeightedQRH.Numerator.labelPacketScale_one_le`:
  [DecidableEq ι]
consider restructuring your `variable` declarations so that the variables are not in scope or explicitly omit them:
  omit [DecidableEq ι] in theorem ...

Note: This linter can be disabled with `set_option linter.unusedSectionVars false`
warning: WeightedQRH/NumeratorLabelPacket.lean:58:22: Variable name `hfirst` is not explicitly referenced.

Hint: The binding can be removed (if unused) or named `_` (if used implicitly). Alternatively, prefix the name with `_` to silence this warning:
  [apply] _hfirst

Note: This linter can be disabled with `set_option linter.unusedVariables false`
warning: WeightedQRH/NumeratorLabelPacket.lean:60:7: Variable name `hdis` is not explicitly referenced.

Hint: The binding can be removed (if unused) or named `_` (if used implicitly). Alternatively, prefix the name with `_` to silence this warning:
  [apply] _hdis

Note: This linter can be disabled with `set_option linter.unusedVariables false`
warning: WeightedQRH/NumeratorLabelPacket.lean:61:7: Variable name `hη` is not explicitly referenced.

Hint: The binding can be removed (if unused) or named `_` (if used implicitly). Alternatively, prefix the name with `_` to silence this warning:
  [apply] _hη

Note: This linter can be disabled with `set_option linter.unusedVariables false`
✔ [11001/11847] Built OAI.NumberTheory.DirichletL.Moments.FirstAnnularGeometry (5.3s)
✔ [11002/11847] Built WeightedQRH.NumeratorPacketFourth (9.5s)
✔ [11003/11847] Built WeightedQRH.NumeratorIntegral (9.5s)
✔ [11004/11847] Built WeightedQRH.PrincipalRemainderNormalized (12s)
✔ [11005/11847] Built OAI.NumberTheory.DirichletL.Moments.SuccessorPaidParameters (4.8s)
✔ [11006/11847] Built OAI.NumberTheory.DirichletL.Moments.FirstMixedExceptionalCap (4.0s)
✔ [11007/11847] Built OAI.NumberTheory.DirichletL.Moments.FirstAmplifiedCapacityRadius (6.6s)
✔ [11008/11847] Built OAI.NumberTheory.DirichletL.PrimeRows.CentralError (6.1s)
✔ [11009/11847] Built OAI.NumberTheory.DirichletL.Descent.GlobalRetainedGates (6.2s)
✔ [11010/11847] Built OAI.NumberTheory.DirichletL.Descent.GlobalPriorityZeroPhysical (6.5s)
✔ [11011/11847] Built WeightedQRH.LowDetector.LowInverseNormalize (6.3s)
✔ [11012/11847] Built OAI.NumberTheory.DirichletL.Descent.GlobalPriorityTailAggregate (6.7s)
✔ [11013/11847] Built OAI.NumberTheory.DirichletL.Inversion.InitialExcludedFourier (7.4s)
✔ [11014/11847] Built OAI.NumberTheory.DirichletL.Inversion.FirstGlobalCaps (7.8s)
✔ [11015/11847] Built WeightedQRH.LowNormalizer (7.1s)
✔ [11016/11847] Built OAI.NumberTheory.DirichletL.Moments.FirstPhysicalOriginalMask (5.2s)
✔ [11017/11847] Built OAI.NumberTheory.DirichletL.PrimeRows.CubeFloorDyadic (4.9s)
✔ [11018/11847] Built OAI.NumberTheory.DirichletL.Moments.FirstPhysicalActiveDictionary (5.0s)
✔ [11019/11847] Built OAI.NumberTheory.DirichletL.PrimeRows.ExhaustivePartition (5.3s)
✔ [11020/11847] Built OAI.NumberTheory.DirichletL.Moments.FirstSecondCommonGates (5.4s)
✔ [11021/11847] Built OAI.NumberTheory.DirichletL.Detector.RayPhaseBins (5.5s)
✔ [11022/11847] Built OAI.NumberTheory.DirichletL.Moments.CommonExceptionalMass (5.3s)
✔ [11023/11847] Built OAI.NumberTheory.DirichletL.Inversion.InitialDyadicAssembly (5.6s)
✔ [11024/11847] Built OAI.NumberTheory.DirichletL.Inversion.InitialEnergyCallerEmpty (5.8s)
✔ [11025/11847] Built OAI.NumberTheory.DirichletL.Inversion.InitialEnergyCallerWindowGeometry (5.6s)
✔ [11026/11847] Built OAI.NumberTheory.DirichletL.Inversion.InitialEnergyCallerFixedWindows (5.8s)
✔ [11027/11847] Built OAI.NumberTheory.DirichletL.PrimeRows.CentralTargetCost (7.3s)
✔ [11028/11847] Built OAI.NumberTheory.DirichletL.Moments.FirstWindowBudgets (4.7s)
✔ [11029/11847] Built OAI.NumberTheory.DirichletL.Moments.AllocatedNaturalRadial (6.2s)
✔ [11030/11847] Built OAI.NumberTheory.DirichletL.Reflection.MarkedLevel (4.5s)
✔ [11031/11847] Built OAI.NumberTheory.DirichletL.Moments.NaturalMaskedFloor (7.5s)
✔ [11032/11847] Built OAI.NumberTheory.DirichletL.Reflection.ReindexReflection (4.6s)
✔ [11033/11847] Built OAI.NumberTheory.DirichletL.Moments.FirstCommonSourcePowerBudget (4.7s)
✔ [11034/11847] Built OAI.NumberTheory.DirichletL.Reflection.MarkedChosenSource (4.6s)
✔ [11035/11847] Built OAI.NumberTheory.DirichletL.Reflection.MarkedInactive (4.2s)
✔ [11036/11847] Built OAI.NumberTheory.DirichletL.Moments.FirstAnnularAmplification (6.4s)
✔ [11037/11847] Built OAI.NumberTheory.DirichletL.Energy.FirstHighExceptionalPowers (7.0s)
✔ [11038/11847] Built OAI.NumberTheory.DirichletL.Descent.GlobalRetainedGatesGeometry (5.0s)
✔ [11039/11847] Built OAI.NumberTheory.DirichletL.Energy.WidthSchedule (8.1s)
✔ [11040/11847] Built OAI.NumberTheory.DirichletL.Dictionary.InverseMarkedReferenceRemaining (5.7s)
✔ [11041/11847] Built OAI.NumberTheory.DirichletL.Descent.GlobalPriorityTailPhysical (6.0s)
✔ [11042/11847] Built WeightedQRH.NumeratorLabelPrimeBound (9.4s)
⚠ [11043/11847] Built WeightedQRH.NumeratorDilationBoxes (9.7s)
warning: WeightedQRH/NumeratorDilationBoxes.lean:54:18: `dif_pos` has been deprecated: Use `dite_eq_left` instead
✔ [11044/11847] Built OAI.NumberTheory.DirichletL.PrimeRows.UniformError (7.4s)
✔ [11045/11847] Built OAI.NumberTheory.DirichletL.Moments.FirstMixedExceptionalLow (7.7s)
✔ [11046/11847] Built OAI.NumberTheory.DirichletL.Moments.FirstMixedDiagonal (8.3s)
✔ [11047/11847] Built OAI.NumberTheory.DirichletL.Descent.FirstLiveNorms (4.7s)
✔ [11048/11847] Built WeightedQRH.NumeratorErrorIntegrable (11s)
✔ [11049/11847] Built OAI.NumberTheory.DirichletL.Descent.FirstOriginalProfileParents (4.5s)
✔ [11050/11847] Built OAI.NumberTheory.DirichletL.Moments.CommonExceptionalSymmetry (5.5s)
✔ [11051/11847] Built OAI.NumberTheory.DirichletL.Moments.ReflectedSource (5.7s)
✔ [11052/11847] Built OAI.NumberTheory.DirichletL.Moments.FiniteProfileExceptionalCommonMass (5.7s)
✔ [11053/11847] Built OAI.NumberTheory.DirichletL.Moments.FirstPhysicalZeroRadius (5.0s)
✔ [11054/11847] Built OAI.NumberTheory.DirichletL.Inversion.InitialDyadicAssemblyWindows (5.6s)
✔ [11055/11847] Built OAI.NumberTheory.DirichletL.Inversion.InitialCanonicalDomains (5.5s)
✔ [11056/11847] Built OAI.NumberTheory.DirichletL.Inversion.InitialDyadicAssemblyBounds (5.6s)
✔ [11057/11847] Built OAI.NumberTheory.DirichletL.PrimeRows.PhysicalPartition (6.9s)
✔ [11058/11847] Built OAI.NumberTheory.DirichletL.Inversion.InitialEnergyCallerState (5.5s)
✔ [11059/11847] Built WeightedQRH.NumeratorFreeScalarBound (5.4s)
✔ [11060/11847] Built OAI.NumberTheory.DirichletL.Detector.CentralPrimeSum (6.4s)
✔ [11061/11847] Built OAI.NumberTheory.DirichletL.Moments.FirstMixedWindow (5.5s)
✔ [11062/11847] Built OAI.NumberTheory.DirichletL.Reflection.MarkedActiveSets (5.3s)
✔ [11063/11847] Built OAI.NumberTheory.DirichletL.Energy.State (5.6s)
✔ [11064/11847] Built OAI.NumberTheory.DirichletL.Moments.FirstCommonReferencePower (5.8s)
✔ [11065/11847] Built OAI.NumberTheory.DirichletL.Energy.WidthRanges (5.8s)
✔ [11066/11847] Built OAI.NumberTheory.DirichletL.Moments.FirstAnnularInput (5.0s)
✔ [11067/11847] Built OAI.NumberTheory.DirichletL.Descent.GlobalRetainedGatesRadius (5.9s)
✔ [11068/11847] Built OAI.NumberTheory.DirichletL.Dictionary.InverseMarkedReferenceReindex (5.9s)
✔ [11069/11847] Built OAI.NumberTheory.DirichletL.Descent.GlobalPriorityFullBranches (5.5s)
✔ [11070/11847] Built OAI.NumberTheory.DirichletL.Descent.GlobalPriorityFilteredEnergyUniform (7.2s)
✔ [11071/11847] Built OAI.NumberTheory.DirichletL.Dictionary.InverseMarkedReferenceEnergy (6.5s)
✔ [11072/11847] Built OAI.NumberTheory.DirichletL.Reflection.MarkedChosenDual (9.6s)
⚠ [11073/11847] Built WeightedQRH.NumeratorBoxGeometry (8.2s)
warning: WeightedQRH/NumeratorBoxGeometry.lean:27:5: Variable name `hann` is not explicitly referenced.

Hint: The binding can be removed (if unused) or named `_` (if used implicitly). Alternatively, prefix the name with `_` to silence this warning:
  [apply] _hann

Note: This linter can be disabled with `set_option linter.unusedVariables false`
warning: WeightedQRH/NumeratorBoxGeometry.lean:137:50: Variable name `hb` is not explicitly referenced.

Hint: The binding can be removed (if unused) or named `_` (if used implicitly). Alternatively, prefix the name with `_` to silence this warning:
  [apply] _hb

Note: This linter can be disabled with `set_option linter.unusedVariables false`
✔ [11074/11847] Built OAI.NumberTheory.DirichletL.Descent.FirstDyadicRadius (5.4s)
✔ [11075/11847] Built OAI.NumberTheory.DirichletL.Descent.FirstOriginalProfileLiveSource (5.5s)
✔ [11076/11847] Built OAI.NumberTheory.DirichletL.PrimeRows.CentralWTail (7.3s)
✔ [11077/11847] Built OAI.NumberTheory.DirichletL.PrimeRows.CentralZTail (7.7s)
✔ [11078/11847] Built OAI.NumberTheory.DirichletL.Inversion.InitialDyadicAssemblyLive (5.0s)
✔ [11079/11847] Built OAI.NumberTheory.DirichletL.Moments.CommonSectorWindow (6.0s)
✔ [11080/11847] Built OAI.NumberTheory.DirichletL.PrimeRows.CanonicalTails (5.2s)
✔ [11081/11847] Built OAI.NumberTheory.DirichletL.Moments.FiniteProfileExceptionalCommonSource (7.4s)
✔ [11082/11847] Built OAI.NumberTheory.DirichletL.Inversion.InitialCanonicalState (5.2s)
✔ [11083/11847] Built WeightedQRH.NumeratorPacketBoxes (9.5s)
✔ [11084/11847] Built OAI.NumberTheory.DirichletL.Moments.SecondExceptionalFamily (6.9s)
✔ [11085/11847] Built OAI.NumberTheory.DirichletL.Reflection.ActiveDictionary (4.4s)
✔ [11086/11847] Built OAI.NumberTheory.DirichletL.Reflection.MarkedFiber (4.0s)
✔ [11087/11847] Built OAI.NumberTheory.DirichletL.Energy.OriginalSource (5.7s)
✔ [11088/11847] Built OAI.NumberTheory.DirichletL.Moments.FirstAnnularActiveInput (5.1s)
✔ [11089/11847] Built OAI.NumberTheory.DirichletL.Descent.GlobalRetainedGatesChildren (5.3s)
✔ [11090/11847] Built OAI.NumberTheory.DirichletL.Descent.GlobalRetainedGatesCaps (5.5s)
✔ [11091/11847] Built OAI.NumberTheory.DirichletL.Energy.Floor (5.0s)
✔ [11092/11847] Built OAI.NumberTheory.DirichletL.Dictionary.InverseMarkedReferenceFiber (4.5s)
✔ [11093/11847] Built OAI.NumberTheory.DirichletL.Descent.GlobalPriorityFullAggregate (5.4s)
✔ [11094/11847] Built OAI.NumberTheory.DirichletL.Descent.GlobalPriorityFilteredRaysUniform (6.6s)
✔ [11095/11847] Built OAI.NumberTheory.DirichletL.Dictionary.InverseMarkedReferenceMass (6.0s)
✔ [11096/11847] Built OAI.NumberTheory.DirichletL.Descent.FirstOriginalProfileLivePartition (4.2s)
✔ [11097/11847] Built OAI.NumberTheory.DirichletL.Descent.FirstDyadicTail (5.5s)
✔ [11098/11847] Built OAI.NumberTheory.DirichletL.Descent.FirstStepScalarCaps (6.7s)
✔ [11099/11847] Built OAI.NumberTheory.DirichletL.Inversion.InitialDyadicAssemblySourceCaps (4.4s)
✔ [11100/11847] Built OAI.NumberTheory.DirichletL.PrimeRows.CentralRectangle (5.4s)
✔ [11101/11847] Built WeightedQRH.HighRows.CanonicalTails (4.7s)
✔ [11102/11847] Built OAI.NumberTheory.DirichletL.Moments.SecondExceptionalPairDictionary (5.0s)
✔ [11103/11847] Built OAI.NumberTheory.DirichletL.Descent.FirstOriginalProfileLiveEnergy (6.2s)
✔ [11104/11847] Built OAI.NumberTheory.DirichletL.Moments.FiniteProfileExceptionalCommonHeight (4.3s)
✔ [11105/11847] Built OAI.NumberTheory.DirichletL.Moments.FiniteProfileExceptionalCommonSymmetry (5.1s)
✔ [11106/11847] Built OAI.NumberTheory.DirichletL.PrimeRows.CanonicalReduction (5.8s)
✔ [11107/11847] Built OAI.NumberTheory.DirichletL.Inversion.InitialCanonicalStateSource (4.7s)
✔ [11108/11847] Built OAI.NumberTheory.DirichletL.Moments.SecondExceptionalFamilyUniform (4.2s)
✔ [11109/11847] Built OAI.NumberTheory.DirichletL.Dictionary.InverseRawGeometry (4.5s)
✔ [11110/11847] Built OAI.NumberTheory.DirichletL.Moments.SecondExceptionalSourceFamily (4.5s)
✔ [11111/11847] Built OAI.NumberTheory.DirichletL.Moments.SecondChildRadialWidth (4.8s)
✔ [11112/11847] Built OAI.NumberTheory.DirichletL.Energy.FixedRadialSource (4.8s)
✔ [11113/11847] Built WeightedQRH.NumeratorFiniteBins (8.0s)
✔ [11114/11847] Built OAI.NumberTheory.DirichletL.Energy.PhysicalEntry (4.3s)
✔ [11115/11847] Built OAI.NumberTheory.DirichletL.Moments.SecondNonexceptionalScalar (5.6s)
✔ [11116/11847] Built OAI.NumberTheory.DirichletL.Reflection.OriginalFiber (5.5s)
✔ [11117/11847] Built OAI.NumberTheory.DirichletL.Energy.ZeroComparison (4.8s)
✔ [11118/11847] Built OAI.NumberTheory.DirichletL.Descent.GlobalRetainedGatesRank (4.5s)
✔ [11119/11847] Built OAI.NumberTheory.DirichletL.Descent.GlobalRetainedGatesBudget (4.4s)
✔ [11120/11847] Built OAI.NumberTheory.DirichletL.Moments.FirstAnnularInputAmplification (4.9s)
✔ [11121/11847] Built OAI.NumberTheory.DirichletL.Descent.GlobalCanonicalEnergy (4.0s)
✔ [11122/11847] Built OAI.NumberTheory.DirichletL.Descent.FirstOriginalProfileLiveCount (4.4s)
✔ [11123/11847] Built OAI.NumberTheory.DirichletL.Moments.FirstSecondActiveErrorGates (8.5s)
✔ [11124/11847] Built OAI.NumberTheory.DirichletL.Inversion.InitialDyadicAssemblyRetained (4.7s)
✔ [11125/11847] Built OAI.NumberTheory.DirichletL.PrimeRows.CentralErrorSaving (5.1s)
✔ [11126/11847] Built OAI.NumberTheory.DirichletL.Moments.SecondExceptionalPairBound (4.7s)
✔ [11127/11847] Built OAI.NumberTheory.DirichletL.Descent.FirstDyadicOriginalBranches (5.6s)
✔ [11128/11847] Built OAI.NumberTheory.DirichletL.Moments.FiniteProfileExceptionalPhysicalHeight (4.3s)
✔ [11129/11847] Built OAI.NumberTheory.DirichletL.PrimeRows.CentralCube (5.7s)
✔ [11130/11847] Built OAI.NumberTheory.DirichletL.Descent.FirstOriginalProfileLiveIdentity (4.6s)
✔ [11131/11847] Built OAI.NumberTheory.DirichletL.Descent.GlobalPriorityFilteredAggregateUniform (6.6s)
✔ [11132/11847] Built OAI.NumberTheory.DirichletL.Moments.FiniteProfileExceptionalFixedQCanonical (5.7s)
✔ [11133/11847] Built WeightedQRH.HighRows.CanonicalReduction (5.7s)
✔ [11134/11847] Built OAI.NumberTheory.DirichletL.Moments.SecondExceptionalSourceCaps (4.4s)
✔ [11135/11847] Built OAI.NumberTheory.DirichletL.Inversion.InitialCanonicalStateWindow (5.2s)
✔ [11136/11847] Built OAI.NumberTheory.DirichletL.Energy.ReferenceState (4.8s)
✔ [11137/11847] Built OAI.NumberTheory.DirichletL.Dictionary.InverseRawInitialGates (5.4s)
✔ [11138/11847] Built OAI.NumberTheory.DirichletL.Energy.FixedRadialEntry (4.9s)
✔ [11139/11847] Built OAI.NumberTheory.DirichletL.Descent.OriginalCellPriority (4.9s)
✔ [11140/11847] Built OAI.NumberTheory.DirichletL.Moments.SecondRetainedRatioScalar (6.1s)
✔ [11141/11847] Built OAI.NumberTheory.DirichletL.Moments.SecondCapacitySourceShift (6.5s)
✔ [11142/11847] Built OAI.NumberTheory.DirichletL.Inversion.InitialDyadicAssemblyTail (5.6s)
✔ [11143/11847] Built OAI.NumberTheory.DirichletL.Reflection.OriginalDictionary (7.9s)
✔ [11144/11847] Built OAI.NumberTheory.DirichletL.Moments.SecondDivisorSupport (5.8s)
✔ [11145/11847] Built WeightedQRH.HighRows.CentralErrorSaving (5.7s)
✔ [11146/11847] Built OAI.NumberTheory.DirichletL.PrimeRows.CentralFiniteError (5.2s)
✔ [11147/11847] Built OAI.NumberTheory.DirichletL.Descent.FirstOriginalProfileLiveAggregate (4.0s)
✔ [11148/11847] Built OAI.NumberTheory.DirichletL.Energy.ReferenceReflection (5.5s)
✔ [11149/11847] Built OAI.NumberTheory.DirichletL.PrimeRows.CubeErrorSaving (7.9s)
✔ [11150/11847] Built OAI.NumberTheory.DirichletL.Moments.AmplifiedChildWidth (13s)
✔ [11151/11847] Built OAI.NumberTheory.DirichletL.Dictionary.InverseRawInitialEnergy (5.7s)
✔ [11152/11847] Built OAI.NumberTheory.DirichletL.Dictionary.InverseRawConjugateGates (5.4s)
✔ [11153/11847] Built OAI.NumberTheory.DirichletL.Moments.FiniteProfileExceptionalFixedQWindow (7.6s)
✔ [11154/11847] Built OAI.NumberTheory.DirichletL.Dictionary.InverseMarkedReferenceShift (5.5s)
⚠ [11155/11847] Built WeightedQRH.FullWContour (8.6s)
warning: WeightedQRH/FullWContour.lean:183:63: Used `tac1 <;> tac2` where `(tac1; tac2)` would suffice

Note: This linter can be disabled with `set_option linter.unnecessarySeqFocus false`
✔ [11156/11847] Built OAI.NumberTheory.DirichletL.Energy.FixedRadialReduction (5.7s)
✔ [11157/11847] Built OAI.NumberTheory.DirichletL.Descent.FirstOriginalProfileLiveParents (5.1s)
✔ [11158/11847] Built OAI.NumberTheory.DirichletL.Inversion.InitialDyadicTailGates (5.3s)
✔ [11159/11847] Built OAI.NumberTheory.DirichletL.Descent.GlobalPriorityFilteredStepUniform (9.6s)
✔ [11160/11847] Built OAI.NumberTheory.DirichletL.Moments.SecondExceptionalPhysicalSaving (4.6s)
✔ [11161/11847] Built OAI.NumberTheory.DirichletL.Moments.FiniteProfileExceptionalPhysicalBlock (4.9s)
✔ [11162/11847] Built OAI.NumberTheory.DirichletL.Moments.FirstDivisorSupport (4.8s)
✔ [11163/11847] Built OAI.NumberTheory.DirichletL.Reflection.PoolArithmetic (5.4s)
✔ [11164/11847] Built WeightedQRH.HighRows.CentralFiniteError (5.4s)
✔ [11165/11847] Built OAI.NumberTheory.DirichletL.Moments.SecondSupportedChildren (6.3s)
✔ [11166/11847] Built OAI.NumberTheory.DirichletL.Energy.ReferenceDivisors (5.2s)
✔ [11167/11847] Built OAI.NumberTheory.DirichletL.Energy.ReferenceSource (5.5s)
✔ [11168/11847] Built OAI.NumberTheory.DirichletL.Descent.FirstOriginalProfileLiveSupport (6.4s)
✔ [11169/11847] Built OAI.NumberTheory.DirichletL.Energy.ReferenceHomogeneous (6.5s)
✔ [11170/11847] Built WeightedQRH.HighRows.CubeErrorSaving (6.4s)
✔ [11171/11847] Built OAI.NumberTheory.DirichletL.Dictionary.InverseRawInput (4.7s)
✔ [11172/11847] Built OAI.NumberTheory.DirichletL.Reflection.OriginalTransport (8.7s)
✔ [11173/11847] Built OAI.NumberTheory.DirichletL.PrimeRows.CubeFiniteError (5.6s)
✔ [11174/11847] Built OAI.NumberTheory.DirichletL.Dictionary.InverseMarkedReferenceDeleted (6.0s)
✔ [11175/11847] Built OAI.NumberTheory.DirichletL.Energy.LowFixedRadialEntry (4.5s)
✔ [11176/11847] Built OAI.NumberTheory.DirichletL.Descent.FirstDyadicCell (4.1s)
✔ [11177/11847] Built OAI.NumberTheory.DirichletL.Inversion.InitialDyadicTailBound (4.6s)
✔ [11178/11847] Built OAI.NumberTheory.DirichletL.Moments.FiniteProfileExceptionalFixedQPair (5.0s)
✔ [11179/11847] Built OAI.NumberTheory.DirichletL.Moments.SecondExceptionalCommonSaving (4.2s)
✔ [11180/11847] Built OAI.NumberTheory.DirichletL.Reflection.ActualSizeCaps (4.2s)
✔ [11181/11847] Built OAI.NumberTheory.DirichletL.Reflection.OptionalWidth (4.3s)
✔ [11182/11847] Built OAI.NumberTheory.DirichletL.Reflection.LowWidth (4.3s)
✔ [11183/11847] Built OAI.NumberTheory.DirichletL.Moments.FirstDivisorCommonBound (5.5s)
✔ [11184/11847] Built OAI.NumberTheory.DirichletL.Moments.SecondNonexceptionalPhysical (4.4s)
✔ [11185/11847] Built OAI.NumberTheory.DirichletL.Moments.SecondFrozenSupported (4.9s)
✔ [11186/11847] Built OAI.NumberTheory.DirichletL.Energy.ReferenceScalarBounds (4.3s)
✔ [11187/11847] Built OAI.NumberTheory.DirichletL.Energy.ReferenceWeightedEnergy (4.2s)
✔ [11188/11847] Built OAI.NumberTheory.DirichletL.Descent.FirstLiveCountBudget (4.9s)
✔ [11189/11847] Built OAI.NumberTheory.DirichletL.Energy.ReferenceHomogeneousError (4.5s)
✔ [11190/11847] Built OAI.NumberTheory.DirichletL.Reflection.Pullback (3.8s)
✔ [11191/11847] Built OAI.NumberTheory.DirichletL.Reflection.InactiveAggregation (3.0s)
✔ [11192/11847] Built OAI.NumberTheory.DirichletL.Moments.FiniteProfileExceptionalPhysicalBudget (10s)
✔ [11193/11847] Built OAI.NumberTheory.DirichletL.Descent.GlobalPriorityFixedChildStepUniform (11s)
✔ [11194/11847] Built OAI.NumberTheory.DirichletL.Reflection.OriginalMask (5.1s)
✔ [11195/11847] Built OAI.NumberTheory.DirichletL.Dictionary.InverseMarkedReferenceArithmetic (4.2s)
✔ [11196/11847] Built OAI.NumberTheory.DirichletL.PrimeRows.CubeFiniteIntegral (4.5s)
✔ [11197/11847] Built OAI.NumberTheory.DirichletL.Dictionary.InverseMarkedPhysicalRows (4.5s)
✔ [11198/11847] Built WeightedQRH.HighRows.CubeFiniteError (5.6s)
✔ [11199/11847] Built OAI.NumberTheory.DirichletL.Descent.FirstDyadicLiveRadius (4.1s)
✔ [11200/11847] Built WeightedQRH.FullWTransport (15s)
✔ [11201/11847] Built OAI.NumberTheory.DirichletL.Reflection.OriginalSaving (4.4s)
✔ [11202/11847] Built OAI.NumberTheory.DirichletL.Descent.FirstLabelCellStepGates (4.7s)
✔ [11203/11847] Built OAI.NumberTheory.DirichletL.Reflection.ActualSizeCapsUniformDegree (4.4s)
✔ [11204/11847] Built OAI.NumberTheory.DirichletL.Reflection.CanonicalCaps (4.8s)
✔ [11205/11847] Built OAI.NumberTheory.DirichletL.Moments.FiniteProfileExceptionalFixedQBlock (5.8s)
✔ [11206/11847] Built OAI.NumberTheory.DirichletL.Reflection.LowCaps (5.7s)
✔ [11207/11847] Built OAI.NumberTheory.DirichletL.Moments.SecondNonexceptionalChosenBlock (4.3s)
✔ [11208/11847] Built OAI.NumberTheory.DirichletL.Energy.ZeroGrowthReserve (4.9s)
✔ [11209/11847] Built OAI.NumberTheory.DirichletL.Moments.SecondFrozenPhysical (5.4s)
✔ [11210/11847] Built OAI.NumberTheory.DirichletL.Moments.FirstReferenceBlock (6.1s)
✔ [11211/11847] Built OAI.NumberTheory.DirichletL.Reflection.InactiveEnergy (3.9s)
✔ [11212/11847] Built OAI.NumberTheory.DirichletL.Energy.ZeroReferenceError (4.2s)
✔ [11213/11847] Built OAI.NumberTheory.DirichletL.Reflection.LowExponent (7.5s)
✔ [11214/11847] Built OAI.NumberTheory.DirichletL.Energy.ReferenceScalarReserve (5.9s)
✔ [11215/11847] Built OAI.NumberTheory.DirichletL.Energy.ReferenceDeletionEnergy (4.0s)
✔ [11216/11847] Built OAI.NumberTheory.DirichletL.Moments.FirstChildProfileControl (4.7s)
✔ [11217/11847] Built OAI.NumberTheory.DirichletL.Reflection.RowReindex (4.1s)
✔ [11218/11847] Built OAI.NumberTheory.DirichletL.Moments.FiniteProfileExceptionalPhysicalSaving (5.8s)
✔ [11219/11847] Built OAI.NumberTheory.DirichletL.Reflection.OriginalChosen (7.1s)
✔ [11220/11847] Built OAI.NumberTheory.DirichletL.Descent.FirstLiveRadiusPositive (4.3s)
✔ [11221/11847] Built OAI.NumberTheory.DirichletL.Descent.FirstLiveExponentCaps (5.0s)
✔ [11222/11847] Built OAI.NumberTheory.DirichletL.PrimeRows.CanonicalCubeReduction (5.8s)
✔ [11223/11847] Built OAI.NumberTheory.DirichletL.Descent.FirstLabelCellStepSource (4.7s)
✔ [11224/11847] Built OAI.NumberTheory.DirichletL.Reflection.OriginalExponent (4.8s)
✔ [11225/11847] Built OAI.NumberTheory.DirichletL.Descent.FirstDyadicRetainedEnergy (5.9s)
✔ [11226/11847] Built OAI.NumberTheory.DirichletL.Reflection.CanonicalParameters (5.6s)
✔ [11227/11847] Built OAI.NumberTheory.DirichletL.Moments.FiniteProfileExceptionalFixedQRows (6.3s)
✔ [11228/11847] Built OAI.NumberTheory.DirichletL.Energy.ChildState (5.1s)
✔ [11229/11847] Built OAI.NumberTheory.DirichletL.Reflection.FullEnergyBasic (4.6s)
✔ [11230/11847] Built WeightedQRH.LowReflection.LowCaps (6.2s)
✔ [11231/11847] Built OAI.NumberTheory.DirichletL.Moments.FirstReferenceSource (5.9s)
✔ [11232/11847] Built OAI.NumberTheory.DirichletL.Reflection.SlotChoices (4.9s)
✔ [11233/11847] Built OAI.NumberTheory.DirichletL.Reflection.SectorAggregation (4.8s)
✔ [11234/11847] Built OAI.NumberTheory.DirichletL.Moments.SecondFrozenChosen (6.6s)
✔ [11235/11847] Built OAI.NumberTheory.DirichletL.Reflection.LowBranchSum (4.9s)
✔ [11236/11847] Built OAI.NumberTheory.DirichletL.Moments.FirstErrorAllocationPower (4.4s)
✔ [11237/11847] Built OAI.NumberTheory.DirichletL.Energy.StageReserve (5.1s)
✔ [11238/11847] Built OAI.NumberTheory.DirichletL.Reflection.SourceSelection (3.8s)
✔ [11239/11847] Built OAI.NumberTheory.DirichletL.Reflection.CompletedAggregation (4.1s)
✔ [11240/11847] Built WeightedQRH.LowReflection.LowExponent (7.8s)
✔ [11241/11847] Built OAI.NumberTheory.DirichletL.Moments.SecondChildPowerBudget (4.9s)
✔ [11242/11847] Built OAI.NumberTheory.DirichletL.Descent.FirstLabelCellStepChildren (4.5s)
✔ [11243/11847] Built WeightedQRH.HighRows.CanonicalCubeReduction (5.7s)
✔ [11244/11847] Built OAI.NumberTheory.DirichletL.PrimeRows.CanonicalCubeBins (6.1s)
✔ [11245/11847] Built OAI.NumberTheory.DirichletL.Descent.FirstLiveColumnScale (17s)
✔ [11246/11847] Built OAI.NumberTheory.DirichletL.Reflection.OriginalBranchSum (4.9s)
✔ [11247/11847] Built OAI.NumberTheory.DirichletL.Descent.FirstDyadicRetainedBudget (5.2s)
✔ [11248/11847] Built OAI.NumberTheory.DirichletL.Reflection.SlotMass (4.8s)
⚠ [11249/11847] Built WeightedQRH.FullWFiniteError (18s)
warning: WeightedQRH/FullWFiniteError.lean:118:86: Unused tactic linter: `push_cast` does nothing

Note: This linter can be disabled with `set_option linter.unusedTactic false`
✔ [11250/11847] Built OAI.NumberTheory.DirichletL.Energy.FirstAnnularAdmission (5.3s)
✔ [11251/11847] Built OAI.NumberTheory.DirichletL.Moments.FiniteProfileExceptionalFixedQDyadic (5.4s)
✔ [11252/11847] Built OAI.NumberTheory.DirichletL.Reflection.SectorCover (4.8s)
✔ [11253/11847] Built OAI.NumberTheory.DirichletL.Moments.FirstReferenceEnergy (7.0s)
✔ [11254/11847] Built OAI.NumberTheory.DirichletL.Energy.StageReserveBounded (4.8s)
✔ [11255/11847] Built OAI.NumberTheory.DirichletL.Energy.StageReserveSchedule (4.8s)
✔ [11256/11847] Built OAI.NumberTheory.DirichletL.Reflection.LowSector (6.6s)
✔ [11257/11847] Built OAI.NumberTheory.DirichletL.Descent.FirstCanonicalChildren (4.5s)
✔ [11258/11847] Built OAI.NumberTheory.DirichletL.Descent.FirstLabelCellStepData (4.8s)
✔ [11259/11847] Built OAI.NumberTheory.DirichletL.Moments.SecondFrozenRatioCost (7.5s)
✔ [11260/11847] Built OAI.NumberTheory.DirichletL.Moments.FirstAmplifiedPowerBudget (6.4s)
✔ [11261/11847] Built WeightedQRH.LowReflection.LowBranchSum (5.2s)
✔ [11262/11847] Built OAI.NumberTheory.DirichletL.Reflection.TupleMasks (10s)
✔ [11263/11847] Built OAI.NumberTheory.DirichletL.PrimeRows.CanonicalCubeChoice (5.7s)
✔ [11264/11847] Built OAI.NumberTheory.DirichletL.Descent.FirstDyadicPriorityBudget (4.6s)
✔ [11265/11847] Built OAI.NumberTheory.DirichletL.Reflection.OriginalSectorUniformDegree (6.7s)
✔ [11266/11847] Built OAI.NumberTheory.DirichletL.Reflection.InactiveBudget (4.6s)
✔ [11267/11847] Built OAI.NumberTheory.DirichletL.Energy.FirstColumnPairing (4.0s)
✔ [11268/11847] Built OAI.NumberTheory.DirichletL.Reflection.WholePair (5.1s)
✔ [11269/11847] Built OAI.NumberTheory.DirichletL.Energy.FirstPhysicalNormalization (5.5s)
✔ [11270/11847] Built OAI.NumberTheory.DirichletL.Energy.StageMargins (4.8s)
✔ [11271/11847] Built OAI.NumberTheory.DirichletL.Descent.CanonicalChildSupport (4.4s)
✔ [11272/11847] Built WeightedQRH.HighRows.CubeFullWTransfer (8.0s)
✔ [11273/11847] Built OAI.NumberTheory.DirichletL.Reflection.LowRetained (4.0s)
✔ [11274/11847] Built OAI.NumberTheory.DirichletL.Moments.FiniteProfileExceptionalFixedQSaved (8.1s)
✔ [11275/11847] Built WeightedQRH.FullWAggregate (8.5s)
✔ [11276/11847] Built OAI.NumberTheory.DirichletL.Descent.FirstLabelCellStepPhysicalGates (5.5s)
✔ [11277/11847] Built OAI.NumberTheory.DirichletL.Reflection.SupportedChoices (4.9s)
✔ [11278/11847] Built OAI.NumberTheory.DirichletL.Moments.FirstAmplifiedFourCoefficients (8.0s)
✔ [11279/11847] Built WeightedQRH.HighRows.CanonicalCubeChoice (5.9s)
✔ [11280/11847] Built WeightedQRH.LowReflection.LowSector (7.1s)
✔ [11281/11847] Built OAI.NumberTheory.DirichletL.Moments.SecondFrozenLiveSource (7.7s)
✔ [11282/11847] Built OAI.NumberTheory.DirichletL.Reflection.ActiveProducts (5.0s)
✔ [11283/11847] Built OAI.NumberTheory.DirichletL.PrimeRows.CanonicalRayCube (5.9s)
✔ [11284/11847] Built OAI.NumberTheory.DirichletL.Reflection.GlobalEnergy (5.3s)
✔ [11285/11847] Built OAI.NumberTheory.DirichletL.Descent.FirstDyadicFullEnergy (6.3s)
✔ [11286/11847] Built OAI.NumberTheory.DirichletL.Reflection.OriginalRetainedUniformDegree (6.4s)
✔ [11287/11847] Built OAI.NumberTheory.DirichletL.Moments.FiniteProfileExceptionalFixedQUniform (6.2s)
✔ [11288/11847] Built OAI.NumberTheory.DirichletL.Reflection.SlotCoefficients (4.7s)
✔ [11289/11847] Built OAI.NumberTheory.DirichletL.Energy.CanonicalAmplifiedColumn (5.0s)
✔ [11290/11847] Built OAI.NumberTheory.DirichletL.Descent.FirstLabelCellStep (5.9s)
✔ [11291/11847] Built OAI.NumberTheory.DirichletL.Detector.DetectorMomentData (5.1s)
✔ [11292/11847] Built WeightedQRH.LowReflection.LowRetained (5.4s)
✔ [11293/11847] Built OAI.NumberTheory.DirichletL.PrimeRows.TargetPrincipal (5.1s)
✔ [11294/11847] Built OAI.NumberTheory.DirichletL.PrimeRows.CubeScale (5.2s)
✔ [11295/11847] Built OAI.NumberTheory.DirichletL.Energy.FirstHighFourCoefficients (7.2s)
✔ [11296/11847] Built WeightedQRH.FullWReconstruction (9.1s)
✔ [11297/11847] Built WeightedQRH.HighRows.CanonicalRayCube (4.7s)
✔ [11298/11847] Built OAI.NumberTheory.DirichletL.Descent.CanonicalLongSource (4.2s)
✔ [11299/11847] Built OAI.NumberTheory.DirichletL.PrimeRows.CubeCalibration (4.6s)
✔ [11300/11847] Built OAI.NumberTheory.DirichletL.Reflection.SelectedExpansion (27s)
✔ [11301/11847] Built OAI.NumberTheory.DirichletL.Reflection.TupleMembers (4.2s)
✔ [11302/11847] Built OAI.NumberTheory.DirichletL.Reflection.CubeSlots (3.0s)
✔ [11303/11847] Built OAI.NumberTheory.DirichletL.PrimeRows.NormalizedTransport (7.3s)
✔ [11304/11847] Built OAI.NumberTheory.DirichletL.Reflection.OriginalSlotSupport (4.5s)
✔ [11305/11847] Built OAI.NumberTheory.DirichletL.Reflection.RetainedBudgetUniformDegree (5.8s)
✔ [11306/11847] Built OAI.NumberTheory.DirichletL.Moments.SecondExceptionalFixedQChosenBlock (6.2s)
✔ [11307/11847] Built OAI.NumberTheory.DirichletL.Reflection.InactiveRows (4.2s)
✔ [11308/11847] Built OAI.NumberTheory.DirichletL.Reflection.FixedTuples (4.2s)
✔ [11309/11847] Built OAI.NumberTheory.DirichletL.Reflection.LowRetainedBudget (17s)
✔ [11310/11847] Built OAI.NumberTheory.DirichletL.Descent.CanonicalRankMoments (5.5s)
✔ [11311/11847] Built OAI.NumberTheory.DirichletL.Moments.DetectorDictionaryRows (5.3s)
✔ [11312/11847] Built OAI.NumberTheory.DirichletL.Detector.DetectorBatch (5.7s)
✔ [11313/11847] Built OAI.NumberTheory.DirichletL.Detector.DetectorMomentGates (5.3s)
✔ [11314/11847] Built OAI.NumberTheory.DirichletL.Descent.FirstLiveStepScalars (7.0s)
✔ [11315/11847] Built OAI.NumberTheory.DirichletL.Descent.FirstSecondHeightCost (6.7s)
✔ [11316/11847] Built OAI.NumberTheory.DirichletL.PrimeRows.CentralHeightCost (5.8s)
✔ [11317/11847] Built OAI.NumberTheory.DirichletL.PrimeRows.DetectorReady (5.9s)
✔ [11318/11847] Built OAI.NumberTheory.DirichletL.Descent.CanonicalReopeningHeight (5.6s)
✔ [11319/11847] Built OAI.NumberTheory.DirichletL.PrimeRows.CubePhaseBins (8.9s)
✔ [11320/11847] Built OAI.NumberTheory.DirichletL.Descent.CanonicalLongCoefficient (5.6s)
✔ [11321/11847] Built OAI.NumberTheory.DirichletL.Descent.CanonicalLongNormalization (5.4s)
✔ [11322/11847] Built OAI.NumberTheory.DirichletL.PrimeRows.CentralSupportedSplit (5.2s)
✔ [11323/11847] Built OAI.NumberTheory.DirichletL.PrimeRows.CubeBinPartition (5.2s)
✔ [11324/11847] Built OAI.NumberTheory.DirichletL.Reflection.CubeSlotChoices (4.8s)
✔ [11325/11847] Built WeightedQRH.SourceSZBound (9.3s)
⚠ [11326/11847] Built WeightedQRH.HighRows.CubeFullWNormalized (9.5s)
warning: WeightedQRH/HighRows/CubeFullWNormalized.lean:61:2: Try this: 
  letI̵

The goal is a proposition, so `let` is preferred over `letI`.
The difference between `let` and `letI` is that `letI` inlines the value.
But this is not relevant for proofs because of proof irrelevance.

Note: This linter can be disabled with `set_option linter.style.haveILetI false`
✔ [11327/11847] Built WeightedQRH.NumeratorReconstruction (10s)
✔ [11328/11847] Built OAI.NumberTheory.DirichletL.Reflection.ActualSelected (7.2s)
✔ [11329/11847] Built OAI.NumberTheory.DirichletL.PrimeRows.NormalizedTransportSaving (7.2s)
✔ [11330/11847] Built OAI.NumberTheory.DirichletL.Reflection.OriginalChoiceControl (4.6s)
✔ [11331/11847] Built OAI.NumberTheory.DirichletL.Reflection.ChoiceTransport (4.2s)
✔ [11332/11847] Built OAI.NumberTheory.DirichletL.Reflection.TupleDyads (4.6s)
✔ [11333/11847] Built OAI.NumberTheory.DirichletL.Moments.DetectorDictionaryFiber (4.6s)
✔ [11334/11847] Built OAI.NumberTheory.DirichletL.Inversion.InitialCanonicalEnergy (4.9s)
✔ [11335/11847] Built WeightedQRH.HighRows.SlotWidths (4.4s)
✔ [11336/11847] Built OAI.NumberTheory.DirichletL.Descent.CanonicalRankMonotone (4.4s)
✔ [11337/11847] Built OAI.NumberTheory.DirichletL.Moments.SecondExceptionalFixedQSource (8.0s)
✔ [11338/11847] Built OAI.NumberTheory.DirichletL.PrimeRows.CubeSupportedWitness (4.4s)
✔ [11339/11847] Built OAI.NumberTheory.DirichletL.Descent.FirstLiveActualStep (5.7s)
✔ [11340/11847] Built OAI.NumberTheory.DirichletL.Descent.CanonicalLongGeometry (4.6s)
✔ [11341/11847] Built OAI.NumberTheory.DirichletL.Descent.CanonicalLongIntegral (4.9s)
✔ [11342/11847] Built OAI.NumberTheory.DirichletL.Descent.CanonicalCompleteNormalized (4.5s)
✔ [11343/11847] Built OAI.NumberTheory.DirichletL.Descent.CanonicalLongCount (4.6s)
✔ [11344/11847] Built OAI.NumberTheory.DirichletL.Descent.CanonicalLongWeight (5.1s)
✔ [11345/11847] Built WeightedQRH.HighRows.NormalizedTransport (13s)
✔ [11346/11847] Built OAI.NumberTheory.DirichletL.Reflection.CubeSlotSource (4.7s)
✔ [11347/11847] Built OAI.NumberTheory.DirichletL.PrimeRows.CubeCommonProfile (5.5s)
✔ [11348/11847] Built OAI.NumberTheory.DirichletL.PrimeRows.CubePrimeBound (9.9s)
✔ [11349/11847] Built OAI.NumberTheory.DirichletL.Reflection.OriginalWeights (4.6s)
✔ [11350/11847] Built WeightedQRH.LowReflection.LowRetainedBudget (16s)
✔ [11351/11847] Built OAI.NumberTheory.DirichletL.Reflection.OriginalChoicePhysical (4.6s)
✔ [11352/11847] Built OAI.NumberTheory.DirichletL.Reflection.OriginalCellBounds (4.3s)
✔ [11353/11847] Built OAI.NumberTheory.DirichletL.Reflection.DyadSelection (4.4s)
✔ [11354/11847] Built OAI.NumberTheory.DirichletL.Moments.DetectorDictionarySource (4.5s)
✔ [11355/11847] Built OAI.NumberTheory.DirichletL.Reflection.OriginalFullUniformDegree (18s)
✔ [11356/11847] Built OAI.NumberTheory.DirichletL.Descent.CanonicalRankCapChildren (4.3s)
✔ [11357/11847] Built OAI.NumberTheory.DirichletL.Reflection.LowFull (18s)
✔ [11358/11847] Built WeightedQRH.FullWBound (8.4s)
✔ [11359/11847] Built OAI.NumberTheory.DirichletL.Moments.SecondExceptionalUniformSource (4.9s)
✔ [11360/11847] Built WeightedQRH.NumeratorLabelReconstruction (8.5s)
✔ [11361/11847] Built OAI.NumberTheory.DirichletL.Detector.SourceBatch (4.4s)
✔ [11362/11847] Built OAI.NumberTheory.DirichletL.Descent.FirstLiveHeightStep (4.6s)
✔ [11363/11847] Built OAI.NumberTheory.DirichletL.Descent.CanonicalLongAggregate (4.6s)
✔ [11364/11847] Built OAI.NumberTheory.DirichletL.Reflection.CubeSlotBounds (5.3s)
✔ [11365/11847] Built OAI.NumberTheory.DirichletL.Reflection.OriginalAggregation (4.7s)
✔ [11366/11847] Built OAI.NumberTheory.DirichletL.Reflection.CellArithmetic (4.6s)
✔ [11367/11847] Built OAI.NumberTheory.DirichletL.Detector.CentralCubeNorm (6.4s)
✔ [11368/11847] Built OAI.NumberTheory.DirichletL.Moments.NaturalFixedRaySourceFiber (4.7s)
✔ [11369/11847] Built OAI.NumberTheory.DirichletL.Reflection.DyadReassembly (4.9s)
✔ [11370/11847] Built OAI.NumberTheory.DirichletL.Reflection.MarkedTuples (7.3s)
✔ [11371/11847] Built OAI.NumberTheory.DirichletL.Descent.CanonicalLiveBinRank (5.2s)
⚠ [11372/11847] Built WeightedQRH.HighRows.NormalizedTransportSaving (10s)
warning: WeightedQRH/HighRows/NormalizedTransportSaving.lean:36:5: Variable name `hgeometric` is not explicitly referenced.

Hint: The binding can be removed (if unused) or named `_` (if used implicitly). Alternatively, prefix the name with `_` to silence this warning:
  [apply] _hgeometric

Note: This linter can be disabled with `set_option linter.unusedVariables false`
✔ [11373/11847] Built OAI.NumberTheory.DirichletL.PrimeRows.CubeFixedPrimes (9.7s)
✔ [11374/11847] Built OAI.NumberTheory.DirichletL.Reflection.FullBudgetUniformDegree (7.3s)
✔ [11375/11847] Built OAI.NumberTheory.DirichletL.Reflection.LowFullBudget (6.9s)
✔ [11376/11847] Built WeightedQRH.HighRows.SourceBatch (5.3s)
✔ [11377/11847] Built OAI.NumberTheory.DirichletL.Moments.SecondSourceRemainder (5.8s)
✔ [11378/11847] Built OAI.NumberTheory.DirichletL.Detector.SourceAmplitudeClasses (5.2s)
✔ [11379/11847] Built OAI.NumberTheory.DirichletL.Reflection.CubeSlotEnergy (4.1s)
✔ [11380/11847] Built WeightedQRH.WeightedCellExponent (8.3s)
⚠ [11381/11847] Built WeightedQRH.NumeratorBoxReconstruction (8.2s)
warning: WeightedQRH/NumeratorBoxReconstruction.lean:118:2: Try this: 
  letI̵

The goal is a proposition, so `let` is preferred over `letI`.
The difference between `let` and `letI` is that `letI` inlines the value.
But this is not relevant for proofs because of proof irrelevance.

Note: This linter can be disabled with `set_option linter.style.haveILetI false`
⚠ [11382/11847] Built WeightedQRH.NumeratorPhysicalPacketMass (8.3s)
warning: WeightedQRH/NumeratorPhysicalPacketMass.lean:18:22: Variable name `hfirst` is not explicitly referenced.

Hint: The binding can be removed (if unused) or named `_` (if used implicitly). Alternatively, prefix the name with `_` to silence this warning:
  [apply] _hfirst

Note: This linter can be disabled with `set_option linter.unusedVariables false`
warning: WeightedQRH/NumeratorPhysicalPacketMass.lean:20:7: Variable name `hdis` is not explicitly referenced.

Hint: The binding can be removed (if unused) or named `_` (if used implicitly). Alternatively, prefix the name with `_` to silence this warning:
  [apply] _hdis

Note: This linter can be disabled with `set_option linter.unusedVariables false`
warning: WeightedQRH/NumeratorPhysicalPacketMass.lean:21:7: Variable name `hη` is not explicitly referenced.

Hint: The binding can be removed (if unused) or named `_` (if used implicitly). Alternatively, prefix the name with `_` to silence this warning:
  [apply] _hη

Note: This linter can be disabled with `set_option linter.unusedVariables false`
✔ [11383/11847] Built OAI.NumberTheory.DirichletL.Descent.FirstTwoPassEnergy (7.8s)
✔ [11384/11847] Built OAI.NumberTheory.DirichletL.Reflection.SourceCost (4.9s)
✔ [11385/11847] Built OAI.NumberTheory.DirichletL.Detector.CentralDyadicWeight (4.4s)
✔ [11386/11847] Built OAI.NumberTheory.DirichletL.Reflection.MemberChoiceTransport (4.3s)
✔ [11387/11847] Built OAI.NumberTheory.DirichletL.Reflection.DyadCompletionEnergy (4.7s)
✔ [11388/11847] Built OAI.NumberTheory.DirichletL.Descent.CanonicalLongFinite (6.0s)
✔ [11389/11847] Built OAI.NumberTheory.DirichletL.Reflection.InactiveSource (4.4s)
✔ [11390/11847] Built OAI.NumberTheory.DirichletL.Reflection.PunctureAbsorption (4.2s)
✔ [11391/11847] Built OAI.NumberTheory.DirichletL.PrimeRows.CubeSlotExponent (4.3s)
✔ [11392/11847] Built OAI.NumberTheory.DirichletL.Reflection.GlobalBudgetUniformDegree (5.1s)
✔ [11393/11847] Built WeightedQRH.LowReflection.LowFull (17s)
✔ [11394/11847] Built WeightedQRH.HighRows.SourceAmplitudeClasses (4.7s)
✔ [11395/11847] Built OAI.NumberTheory.DirichletL.Reflection.SourceBudget (4.1s)
✔ [11396/11847] Built OAI.NumberTheory.DirichletL.Moments.SecondUniformSubsetSource (5.1s)
✔ [11397/11847] Built OAI.NumberTheory.DirichletL.Reflection.OriginalSplitReflection (7.5s)
✔ [11398/11847] Built OAI.NumberTheory.DirichletL.Moments.SecondFrozenLiveDescent (6.7s)
✔ [11399/11847] Built OAI.NumberTheory.DirichletL.Descent.TwoPassScalar (5.0s)
✔ [11400/11847] Built OAI.NumberTheory.DirichletL.Descent.CanonicalLongTotal (4.2s)
ℹ [11401/11847] Built WeightedQRH.NumeratorPacketBinBound (7.0s)
info: WeightedQRH/NumeratorPacketBinBound.lean:49:4: Try this:
  [apply] ring_nf
  
  The `ring` tactic failed to close the goal. Use `ring_nf` to obtain a normal form.
    
  Note that `ring` works primarily in *commutative* rings. If you have a noncommutative ring, abelian group or module, consider using `noncomm_ring`, `abel` or `module` instead.
✔ [11402/11847] Built OAI.NumberTheory.DirichletL.Detector.LowTruePeriodPuncture (4.4s)
✔ [11403/11847] Built OAI.NumberTheory.DirichletL.Detector.CentralMixedMargins (6.1s)
✔ [11404/11847] Built OAI.NumberTheory.DirichletL.Reflection.PuncturedMarks (4.5s)
✔ [11405/11847] Built WeightedQRH.HighRows.CubeSlotExponent (4.5s)
✔ [11406/11847] Built OAI.NumberTheory.DirichletL.Reflection.MemberBudgetUniformDegree (5.2s)
✔ [11407/11847] Built OAI.NumberTheory.DirichletL.Detector.CentralClassArithmetic (6.1s)
✔ [11408/11847] Built OAI.NumberTheory.DirichletL.Moments.SecondSourcePowerDescent (4.8s)
✔ [11409/11847] Built OAI.NumberTheory.DirichletL.Reflection.DyadBudget (4.7s)
✔ [11410/11847] Built OAI.NumberTheory.DirichletL.PrimeRows.CubeFloorArithmetic (6.7s)
✔ [11411/11847] Built OAI.NumberTheory.DirichletL.Reflection.OriginalActiveReflection (4.7s)
✔ [11412/11847] Built WeightedQRH.LowReflection.LowFullBudget (6.0s)
✔ [11413/11847] Built OAI.NumberTheory.DirichletL.Detector.LowActualIdealLists (4.2s)
✔ [11414/11847] Built OAI.NumberTheory.DirichletL.Descent.FirstTwoPassParentEnergy (5.4s)
✔ [11415/11847] Built OAI.NumberTheory.DirichletL.Reflection.LowGlobalBudget (15s)
✔ [11416/11847] Built OAI.NumberTheory.DirichletL.Reflection.PunctureLists (4.2s)
✔ [11417/11847] Built OAI.NumberTheory.DirichletL.PrimeRows.NonfloorCount (4.6s)
✔ [11418/11847] Built WeightedQRH.NumeratorAmplitudeLoss (6.8s)
✔ [11419/11847] Built OAI.NumberTheory.DirichletL.Moments.SecondSourceSeededPowerDescent (4.1s)
✔ [11420/11847] Built OAI.NumberTheory.DirichletL.Detector.CentralClassPartition (4.9s)
✔ [11421/11847] Built OAI.NumberTheory.DirichletL.Reflection.MemberGeometryUniformDegree (5.5s)
✔ [11422/11847] Built OAI.NumberTheory.DirichletL.Reflection.CanonicalInactiveEnergy (4.2s)
✔ [11423/11847] Built WeightedQRH.HighRows.CentralClassArithmetic (5.9s)
✔ [11424/11847] Built OAI.NumberTheory.DirichletL.PrimeRows.CubeFloorGlobal (5.2s)
✔ [11425/11847] Built OAI.NumberTheory.DirichletL.Detector.LowRemoteMass (4.8s)
✔ [11426/11847] Built WeightedQRH.HighRows.CubeFloorArithmetic (6.7s)
✔ [11427/11847] Built OAI.NumberTheory.DirichletL.Reflection.LowMemberBudget (4.6s)
✔ [11428/11847] Built OAI.NumberTheory.DirichletL.Reflection.LowPunctureLists (4.1s)
✔ [11429/11847] Built OAI.NumberTheory.DirichletL.Descent.CanonicalLongParent (5.5s)
✔ [11430/11847] Built OAI.NumberTheory.DirichletL.Descent.RecursionParameters (6.2s)
✔ [11431/11847] Built OAI.NumberTheory.DirichletL.Moments.SecondFrozenUniformSubset (13s)
✔ [11432/11847] Built OAI.NumberTheory.DirichletL.Detector.LowActualReflectedEnergy (6.8s)
✔ [11433/11847] Built OAI.NumberTheory.DirichletL.Detector.FinalAssemblyCountParameters (4.4s)
✔ [11434/11847] Built OAI.NumberTheory.DirichletL.PrimeRows.NonfloorBudget (5.9s)
✔ [11435/11847] Built OAI.NumberTheory.DirichletL.Energy.FirstGaussianCoefficients (6.4s)
✔ [11436/11847] Built OAI.NumberTheory.DirichletL.PrimeRows.NonfloorDictionary (5.0s)
✔ [11437/11847] Built OAI.NumberTheory.DirichletL.Reflection.SourcePhysical (4.8s)
✔ [11438/11847] Built OAI.NumberTheory.DirichletL.Moments.SecondReferenceNormalization (5.8s)
✔ [11439/11847] Built OAI.NumberTheory.DirichletL.Descent.CanonicalLongKeys (4.5s)
✔ [11440/11847] Built WeightedQRH.LowDetector.LowRemoteMass (5.4s)
⚠ [11441/11847] Built WeightedQRH.NumeratorActualBin (8.4s)
warning: WeightedQRH/NumeratorActualBin.lean:84:4: Try this: 
  letI̵

The goal is a proposition, so `let` is preferred over `letI`.
The difference between `let` and `letI` is that `letI` inlines the value.
But this is not relevant for proofs because of proof irrelevance.

Note: This linter can be disabled with `set_option linter.style.haveILetI false`
warning: WeightedQRH/NumeratorActualBin.lean:30:22: Variable name `hfirst` is not explicitly referenced.

Hint: The binding can be removed (if unused) or named `_` (if used implicitly). Alternatively, prefix the name with `_` to silence this warning:
  [apply] _hfirst

Note: This linter can be disabled with `set_option linter.unusedVariables false`
warning: WeightedQRH/NumeratorActualBin.lean:32:7: Variable name `hdis` is not explicitly referenced.

Hint: The binding can be removed (if unused) or named `_` (if used implicitly). Alternatively, prefix the name with `_` to silence this warning:
  [apply] _hdis

Note: This linter can be disabled with `set_option linter.unusedVariables false`
warning: WeightedQRH/NumeratorActualBin.lean:33:7: Variable name `hη` is not explicitly referenced.

Hint: The binding can be removed (if unused) or named `_` (if used implicitly). Alternatively, prefix the name with `_` to silence this warning:
  [apply] _hη

Note: This linter can be disabled with `set_option linter.unusedVariables false`
warning: WeightedQRH/NumeratorActualBin.lean:34:7: Variable name `Pbase` is not explicitly referenced.

Hint: The binding can be removed (if unused) or named `_` (if used implicitly). Alternatively, prefix the name with `_` to silence this warning:
  [apply] _Pbase

Note: This linter can be disabled with `set_option linter.unusedVariables false`
✔ [11442/11847] Built OAI.NumberTheory.DirichletL.PrimeRows.CubeFloorGlobalIntegral (5.9s)
✔ [11443/11847] Built OAI.NumberTheory.DirichletL.Reflection.LowMemberGeometry (5.8s)
✔ [11444/11847] Built OAI.NumberTheory.DirichletL.Reflection.CanonicalEnergyUniformDegree (7.3s)
✔ [11445/11847] Built OAI.NumberTheory.DirichletL.PrimeRows.NonfloorSourceCount (3.6s)
✔ [11446/11847] Built OAI.NumberTheory.DirichletL.Energy.FirstNormalizedGaussianPowers (4.6s)
✔ [11447/11847] Built OAI.NumberTheory.DirichletL.Energy.FirstHighNormalizedGaussianPowers (4.6s)
✔ [11448/11847] Built OAI.NumberTheory.DirichletL.Reflection.CompletedFiberSource (4.5s)
✔ [11449/11847] Built WeightedQRH.LowReflection.LowGlobalBudget (15s)
✔ [11450/11847] Built OAI.NumberTheory.DirichletL.PrimeRows.CubeFloorNormalized (4.5s)
✔ [11451/11847] Built OAI.NumberTheory.DirichletL.Descent.CanonicalLongUniformTestBin (5.7s)
✔ [11452/11847] Built OAI.NumberTheory.DirichletL.PrimeRows.NonfloorMoments (4.0s)
✔ [11453/11847] Built OAI.NumberTheory.DirichletL.Reflection.CanonicalDyadsUniformDegree (6.0s)
⚠ [11454/11847] Built WeightedQRH.NumeratorFiniteCollect (7.5s)
warning: WeightedQRH/NumeratorFiniteCollect.lean:98:2: Try this: 
  letI̵

The goal is a proposition, so `let` is preferred over `letI`.
The difference between `let` and `letI` is that `letI` inlines the value.
But this is not relevant for proofs because of proof irrelevance.

Note: This linter can be disabled with `set_option linter.style.haveILetI false`
✔ [11455/11847] Built OAI.NumberTheory.DirichletL.Reflection.CompletedCanonicalEnergy (4.1s)
✔ [11456/11847] Built OAI.NumberTheory.DirichletL.Detector.FinalAssemblySourceCount (4.0s)
✔ [11457/11847] Built WeightedQRH.LowReflection.LowMemberBudget (4.5s)
✔ [11458/11847] Built OAI.NumberTheory.DirichletL.Moments.SecondFrozenSeededPowerDescent (13s)
✔ [11459/11847] Built OAI.NumberTheory.DirichletL.PrimeRows.CubeFloorSaving (4.8s)
⚠ [11460/11847] Built WeightedQRH.HighRows.CountIdentity (7.7s)
warning: WeightedQRH/HighRows/CountIdentity.lean:30:53: `if_pos` has been deprecated: Use `ite_eq_left` instead
✔ [11461/11847] Built OAI.NumberTheory.DirichletL.Detector.FinalAssemblyMomentMono (3.7s)
✔ [11462/11847] Built OAI.NumberTheory.DirichletL.PrimeRows.NonfloorExponent (6.2s)
✔ [11463/11847] Built OAI.NumberTheory.DirichletL.Descent.CanonicalLongHeightBin (5.1s)
✔ [11464/11847] Built OAI.NumberTheory.DirichletL.Descent.ShortReflectedEnergy (3.6s)
✔ [11465/11847] Built OAI.NumberTheory.DirichletL.Reflection.CanonicalChoiceEnergyUniformDegree (5.1s)
✔ [11466/11847] Built WeightedQRH.LowReflection.LowMemberGeometry (4.2s)
✔ [11467/11847] Built OAI.NumberTheory.DirichletL.Energy.FirstGaussianProfileWeights (14s)
✔ [11468/11847] Built OAI.NumberTheory.DirichletL.Reflection.LowFixedMember (5.8s)
✔ [11469/11847] Built OAI.NumberTheory.DirichletL.PrimeRows.NonfloorClass (3.7s)
✔ [11470/11847] Built OAI.NumberTheory.DirichletL.PrimeRows.CubeFloorCollected (4.3s)
✔ [11471/11847] Built OAI.NumberTheory.DirichletL.Descent.ShortReflectedPower (4.6s)
✔ [11472/11847] Built OAI.NumberTheory.DirichletL.Moments.SecondFrozenReferenceSeededPowerDescent (7.2s)
✔ [11473/11847] Built OAI.NumberTheory.DirichletL.Reflection.CanonicalInactiveEnergyUniformDegree (4.0s)
✔ [11474/11847] Built WeightedQRH.HighRows.MaskedCount (7.6s)
⚠ [11475/11847] Built WeightedQRH.HighRows.CentralExponent (9.7s)
warning: WeightedQRH/HighRows/CentralExponent.lean:58:19: Variable name `hv0` is not explicitly referenced.

Hint: The binding can be removed (if unused) or named `_` (if used implicitly). Alternatively, prefix the name with `_` to silence this warning:
  [apply] _hv0

Note: This linter can be disabled with `set_option linter.unusedVariables false`
✔ [11476/11847] Built OAI.NumberTheory.DirichletL.PrimeRows.NonfloorArithmetic (5.8s)
✔ [11477/11847] Built OAI.NumberTheory.DirichletL.Energy.FirstHighGaussianUniformPowers (6.6s)
✔ [11478/11847] Built OAI.NumberTheory.DirichletL.Energy.FirstStageLossBudget (7.0s)
✔ [11479/11847] Built OAI.NumberTheory.DirichletL.Detector.FinalAssemblyClass (7.0s)
✔ [11480/11847] Built OAI.NumberTheory.DirichletL.Reflection.LowDyads (8.3s)
✔ [11481/11847] Built OAI.NumberTheory.DirichletL.Inversion.ShortCanonicalNormalization (6.4s)
✔ [11482/11847] Built WeightedQRH.LowReflection.LowFixedMember (9.3s)
✔ [11483/11847] Built OAI.NumberTheory.DirichletL.PrimeRows.NonfloorTransport (9.4s)
✔ [11484/11847] Built OAI.NumberTheory.DirichletL.Moments.FirstSeededGaussianPower (8.2s)
✔ [11485/11847] Built OAI.NumberTheory.DirichletL.PrimeRows.NonfloorDyadic (5.2s)
✔ [11486/11847] Built OAI.NumberTheory.DirichletL.Energy.FirstLowHomogeneousPowers (5.7s)
✔ [11487/11847] Built OAI.NumberTheory.DirichletL.Reflection.CanonicalFrozenEnergyUniformDegree (8.9s)
✔ [11488/11847] Built OAI.NumberTheory.DirichletL.Inversion.CanonicalShortAttachment (4.8s)
✔ [11489/11847] Built WeightedQRH.HighRows.NonfloorClass (6.5s)
✔ [11490/11847] Built WeightedQRH.HighRows.CubeFloorGlobal (8.8s)
✔ [11491/11847] Built OAI.NumberTheory.DirichletL.Reflection.LowChoiceEnergy (6.6s)
✔ [11492/11847] Built WeightedQRH.LowReflection.LowDyads (5.8s)
✔ [11493/11847] Built OAI.NumberTheory.DirichletL.Detector.FinalAssemblyArithmetic (7.3s)
✔ [11494/11847] Built OAI.NumberTheory.DirichletL.Energy.FirstDeclaredCapacityLossBudget (8.7s)
✔ [11495/11847] Built OAI.NumberTheory.DirichletL.Reflection.CompletedCanonicalEnergyUniformDegree (4.4s)
✔ [11496/11847] Built OAI.NumberTheory.DirichletL.Reflection.LowInactiveEnergy (4.5s)
✔ [11497/11847] Built OAI.NumberTheory.DirichletL.Energy.FirstActualFrequencyBudget (4.4s)
✔ [11498/11847] Built OAI.NumberTheory.DirichletL.Detector.FinalAssemblyIntegral (5.1s)
✔ [11499/11847] Built WeightedQRH.LowReflection.LowChoiceEnergy (5.6s)
✔ [11500/11847] Built OAI.NumberTheory.DirichletL.Reflection.CompletedRowsEnergyUniformDegree (3.9s)
✔ [11501/11847] Built WeightedQRH.HighRows.CubeFloorGlobalIntegral (6.7s)
✔ [11502/11847] Built WeightedQRH.HighRows.NonfloorArithmetic (8.0s)
✔ [11503/11847] Built OAI.NumberTheory.DirichletL.Reflection.OriginalCompletedEnergyUniformDegree (3.1s)
✔ [11504/11847] Built OAI.NumberTheory.DirichletL.Detector.FinalAssemblyNormalized (3.6s)
✔ [11505/11847] Built OAI.NumberTheory.DirichletL.Reflection.LowFrozenEnergy (4.7s)
✔ [11506/11847] Built WeightedQRH.LowReflection.LowInactiveEnergy (3.5s)
✔ [11507/11847] Built OAI.NumberTheory.DirichletL.Moments.FirstNestedSeededGaussianPower (14s)
✔ [11508/11847] Built WeightedQRH.HighRows.CubeFloorNormalized (5.3s)
✔ [11509/11847] Built OAI.NumberTheory.DirichletL.Reflection.LowCompletedFiber (3.8s)
✔ [11510/11847] Built WeightedQRH.HighRows.NonfloorIntegral (5.7s)
✔ [11511/11847] Built OAI.NumberTheory.DirichletL.Reflection.CubeCompletedEnergyUniformDegree (4.5s)
✔ [11512/11847] Built WeightedQRH.LowReflection.LowFrozenEnergy (4.6s)
✔ [11513/11847] Built OAI.NumberTheory.DirichletL.Reflection.LowCompletedRows (3.2s)
✔ [11514/11847] Built WeightedQRH.HighRows.CubeFloorSaving (4.9s)
✔ [11515/11847] Built OAI.NumberTheory.DirichletL.Inversion.ReflectedShortUniformDegree (3.1s)
✔ [11516/11847] Built WeightedQRH.LowReflection.LowCompletedFiber (3.3s)
✔ [11517/11847] Built WeightedQRH.HighRows.NonfloorNormalized (5.1s)
✔ [11518/11847] Built OAI.NumberTheory.DirichletL.Reflection.LowOriginalEnergy (2.8s)
✔ [11519/11847] Built OAI.NumberTheory.DirichletL.Detector.FinalAssemblyCollected (10s)
✔ [11520/11847] Built OAI.NumberTheory.DirichletL.Inversion.ReflectedShortPowerUniformDegree (2.9s)
✔ [11521/11847] Built WeightedQRH.LowReflection.LowCompletedRows (3.2s)
✔ [11522/11847] Built WeightedQRH.HighRows.CubeFloorCollected (5.1s)
✔ [11523/11847] Built WeightedQRH.LowReflection.LowOriginalEnergy (2.8s)
✔ [11524/11847] Built OAI.NumberTheory.DirichletL.Inversion.ReflectedShortGeneratorUniformDegree (3.5s)
✔ [11525/11847] Built OAI.NumberTheory.DirichletL.Detector.FinalAssemblyHigh (5.2s)
✔ [11526/11847] Built OAI.NumberTheory.DirichletL.Detector.LowSelectedBound (5.0s)
✔ [11527/11847] Built OAI.NumberTheory.DirichletL.Inversion.ReflectedShortNormalizedUniformDegree (2.7s)
✔ [11528/11847] Built WeightedQRH.HighRows.NonfloorTransport (5.7s)
✔ [11529/11847] Built OAI.NumberTheory.DirichletL.Detector.LowNominalEnergy (3.1s)
✔ [11530/11847] Built OAI.NumberTheory.DirichletL.Descent.CanonicalShortFinite (2.8s)
✔ [11531/11847] Built WeightedQRH.HighRows.NonfloorCollected (10s)
✔ [11532/11847] Built WeightedQRH.LowDetector.LowSelectedBound (5.8s)
✔ [11533/11847] Built OAI.NumberTheory.DirichletL.Detector.LowPhysicalInverseBound (3.0s)
✔ [11534/11847] Built OAI.NumberTheory.DirichletL.Descent.CanonicalCompleteState (4.1s)
✔ [11535/11847] Built WeightedQRH.LowDetector.LowNominalEnergy (3.0s)
✔ [11536/11847] Built OAI.NumberTheory.DirichletL.Detector.LowCentralTuple (3.5s)
✔ [11537/11847] Built OAI.NumberTheory.DirichletL.Descent.CanonicalLongCosts (2.6s)
✔ [11538/11847] Built WeightedQRH.HighRows.MixedFullWCollected (7.6s)
⚠ [11539/11847] Built WeightedQRH.LowDetector.LowPhysicalInverseBound (3.1s)
warning: WeightedQRH/LowDetector/LowPhysicalInverseBound.lean:93:74: Used `tac1 <;> tac2` where `(tac1; tac2)` would suffice

Note: This linter can be disabled with `set_option linter.unnecessarySeqFocus false`
warning: WeightedQRH/LowDetector/LowPhysicalInverseBound.lean:93:86: Used `tac1 <;> tac2` where `(tac1; tac2)` would suffice

Note: This linter can be disabled with `set_option linter.unnecessarySeqFocus false`
✔ [11540/11847] Built OAI.NumberTheory.DirichletL.Detector.LowGaussianDyad (2.8s)
✔ [11541/11847] Built OAI.NumberTheory.DirichletL.Descent.CanonicalCompleteBudget (2.9s)
✔ [11542/11847] Built WeightedQRH.LowDetector.LowCentralTuple (3.4s)
✔ [11543/11847] Built OAI.NumberTheory.DirichletL.Detector.LowGaussianRemote (3.2s)
✔ [11544/11847] Built WeightedQRH.HighRows.HighAssembly (5.7s)
✔ [11545/11847] Built WeightedQRH.LowDetector.LowGaussianDyad (2.9s)
✔ [11546/11847] Built OAI.NumberTheory.DirichletL.Detector.LowGaussianCentral (2.0s)
✔ [11547/11847] Built WeightedQRH.LowDetector.LowGaussianRemote (3.0s)
✔ [11548/11847] Built OAI.NumberTheory.DirichletL.Detector.LowGaussianSum (2.5s)
✔ [11549/11847] Built OAI.NumberTheory.DirichletL.Descent.CanonicalCompleteChildren (12s)
✔ [11550/11847] Built OAI.NumberTheory.DirichletL.Detector.LowCommonBound (2.7s)
✔ [11551/11847] Built WeightedQRH.LowDetector.LowGaussianCentral (2.0s)
✔ [11552/11847] Built OAI.NumberTheory.DirichletL.Descent.CanonicalCompleteRank (3.9s)
✔ [11553/11847] Built OAI.NumberTheory.DirichletL.Detector.LowWindowBound (2.9s)
✔ [11554/11847] Built WeightedQRH.LowDetector.LowGaussianSum (2.7s)
✔ [11555/11847] Built OAI.NumberTheory.DirichletL.Detector.LowNormalized (2.7s)
✔ [11556/11847] Built WeightedQRH.LowDetector.LowCommonBound (2.6s)
✔ [11557/11847] Built OAI.NumberTheory.DirichletL.Descent.CanonicalCompleteRankNormalized (3.2s)
✔ [11558/11847] Built OAI.NumberTheory.DirichletL.Detector.FinalAssemblySource (2.7s)
✔ [11559/11847] Built OAI.NumberTheory.DirichletL.Descent.CanonicalRankPuncture (2.5s)
✔ [11560/11847] Built WeightedQRH.LowDetector.LowWindowBound (2.9s)
✔ [11561/11847] Built OAI.NumberTheory.DirichletL.Detector.FinalAssemblyData (2.6s)
✔ [11562/11847] Built OAI.NumberTheory.DirichletL.Descent.CanonicalRankFamilyGates (2.7s)
✔ [11563/11847] Built OAI.NumberTheory.DirichletL.Descent.CanonicalRankExistenceData (2.8s)
✔ [11564/11847] Built WeightedQRH.LowDetector.LowNormalized (2.8s)
✔ [11565/11847] Built OAI.NumberTheory.DirichletL.Moments.DetectorPlainSlotProfile (4.1s)
✔ [11566/11847] Built WeightedQRH.MomentFinalAssemblyData (4.2s)
✔ [11567/11847] Built OAI.NumberTheory.DirichletL.Moments.NaturalFixedRaySourceFixedIdeal (4.2s)
✔ [11568/11847] Built OAI.NumberTheory.DirichletL.Detector.DetectorMomentFiberGates (4.2s)
✔ [11569/11847] Built OAI.NumberTheory.DirichletL.Detector.FinalAssemblyMomentInput (4.3s)
✔ [11570/11847] Built OAI.NumberTheory.DirichletL.Descent.CanonicalRankEnergyMonotone (4.2s)
✔ [11571/11847] Built OAI.NumberTheory.DirichletL.Descent.CanonicalRankDepthParameters (7.2s)
✔ [11572/11847] Built WeightedQRH.MomentNaturalFixedRaySourceFixedIdeal (5.5s)
✔ [11573/11847] Built OAI.NumberTheory.DirichletL.Moments.DetectorPlainFiberSource (5.8s)
✔ [11574/11847] Built OAI.NumberTheory.DirichletL.Moments.NaturalFixedRaySourceFreeExceptional (5.8s)
✔ [11575/11847] Built OAI.NumberTheory.DirichletL.Descent.CanonicalEnergyExistenceData (5.5s)
✔ [11576/11847] Built OAI.NumberTheory.DirichletL.Descent.CanonicalRankExistenceSuccessor (10s)
✔ [11577/11847] Built WeightedQRH.NumeratorPhysicalFront (6.3s)
✔ [11578/11847] Built OAI.NumberTheory.DirichletL.Detector.DetectorMomentPrimeGeometry (6.4s)
✔ [11579/11847] Built WeightedQRH.HighRows.SourceProbe (7.9s)
✔ [11580/11847] Built OAI.NumberTheory.DirichletL.Detector.FinalAssemblyFixedHigh (8.1s)
✔ [11581/11847] Built WeightedQRH.MomentNaturalFixedRaySourceFreeExceptional (4.3s)
✔ [11582/11847] Built OAI.NumberTheory.DirichletL.Moments.DetectorEnergyInitialState (4.5s)
✔ [11583/11847] Built OAI.NumberTheory.DirichletL.Moments.NaturalFixedRaySourceNaturalPrime (4.5s)
✔ [11584/11847] Built OAI.NumberTheory.DirichletL.Descent.CanonicalRankExistenceInduction (4.3s)
✔ [11585/11847] Built OAI.NumberTheory.DirichletL.Dictionary.InverseMarkedReferencePrimeGates (4.3s)
✔ [11586/11847] Built WeightedQRH.NumeratorSourceScalar (4.5s)
✔ [11587/11847] Built OAI.NumberTheory.DirichletL.Detector.FinalAssemblyChosenData (3.7s)
✔ [11588/11847] Built WeightedQRH.NumeratorPhysicalCollect (6.5s)
✔ [11589/11847] Built OAI.NumberTheory.DirichletL.Descent.CanonicalRankExistence (3.9s)
✔ [11590/11847] Built OAI.NumberTheory.DirichletL.Moments.NaturalFixedRaySourceRayPrime (4.2s)
✔ [11591/11847] Built OAI.NumberTheory.DirichletL.Moments.DetectorPlainProfileControl (4.3s)
✔ [11592/11847] Built WeightedQRH.MomentDetectorEnergyInitialState (4.4s)
✔ [11593/11847] Built OAI.NumberTheory.DirichletL.Moments.DetectorPlainExceptional (4.9s)
✔ [11594/11847] Built OAI.NumberTheory.DirichletL.Moments.RelativeCapacityRemoval (5.7s)
✔ [11595/11847] Built WeightedQRH.MomentDetectorPlainSlotProfile (2.8s)
✔ [11596/11847] Built OAI.NumberTheory.DirichletL.Moments.DetectorPlainStateDictionary (2.0s)
✔ [11597/11847] Built OAI.NumberTheory.DirichletL.Moments.RayMaskedFloorSlots (3.9s)
✔ [11598/11847] Built OAI.NumberTheory.DirichletL.Moments.DetectorPlainCapacity (3.0s)
✔ [11599/11847] Built OAI.NumberTheory.DirichletL.Energy.CapacityRemoval (3.5s)
✔ [11600/11847] Built OAI.NumberTheory.DirichletL.Moments.RayMaskedFloorCoefficients (2.9s)
✔ [11601/11847] Built OAI.NumberTheory.DirichletL.Energy.AllocatedChildren (3.1s)
✔ [11602/11847] Built WeightedQRH.MomentDetectorPlainCapacity (2.8s)
✔ [11603/11847] Built OAI.NumberTheory.DirichletL.Moments.RayMaskedFloorNatural (3.5s)
✔ [11604/11847] Built OAI.NumberTheory.DirichletL.Inversion.InitialRetainedPhysical (7.7s)
✔ [11605/11847] Built OAI.NumberTheory.DirichletL.Energy.ReferenceLowError (2.8s)
✔ [11606/11847] Built OAI.NumberTheory.DirichletL.Energy.AllocatedBound (2.8s)
✔ [11607/11847] Built OAI.NumberTheory.DirichletL.Moments.RayMaskedFloorShared (3.2s)
✔ [11608/11847] Built WeightedQRH.MomentDetectorPlainExceptional (3.4s)
✔ [11609/11847] Built OAI.NumberTheory.DirichletL.Inversion.InitialRetainedWindow (3.7s)
✔ [11610/11847] Built OAI.NumberTheory.DirichletL.Moments.RayMaskedFloorSource (3.2s)
✔ [11611/11847] Built OAI.NumberTheory.DirichletL.Inversion.InitialRetainedSum (3.1s)
✔ [11612/11847] Built OAI.NumberTheory.DirichletL.Moments.RayMaskedFloor (2.0s)
✔ [11613/11847] Built OAI.NumberTheory.DirichletL.Inversion.InitialFiniteEnergy (3.3s)
✔ [11614/11847] Built OAI.NumberTheory.DirichletL.Moments.RayMaskedFloorState (3.1s)
✔ [11615/11847] Built OAI.NumberTheory.DirichletL.Inversion.InitialTotalEnergy (3.1s)
✔ [11616/11847] Built OAI.NumberTheory.DirichletL.Energy.Bands (3.1s)
✔ [11617/11847] Built OAI.NumberTheory.DirichletL.Inversion.InitialInputRadial (3.0s)
✔ [11618/11847] Built OAI.NumberTheory.DirichletL.Dictionary.InverseRawInputBound (3.5s)
✔ [11619/11847] Built OAI.NumberTheory.DirichletL.Energy.ReferenceDeletionCapacity (6.9s)
✔ [11620/11847] Built OAI.NumberTheory.DirichletL.Energy.InputParentCapacity (7.0s)
✔ [11621/11847] Built OAI.NumberTheory.DirichletL.Energy.AllocatedZero (7.1s)
✔ [11622/11847] Built OAI.NumberTheory.DirichletL.Moments.DetectorPlainUnmarkedState (7.1s)
✔ [11623/11847] Built OAI.NumberTheory.DirichletL.Energy.SlotHeight (7.1s)
✔ [11624/11847] Built OAI.NumberTheory.DirichletL.Energy.PaidBands (7.4s)
✔ [11625/11847] Built OAI.NumberTheory.DirichletL.Moments.DetectorPlainRelativeClass (7.4s)
✔ [11626/11847] Built OAI.NumberTheory.DirichletL.Energy.BandMonotonicity (8.1s)
✔ [11627/11847] Built OAI.NumberTheory.DirichletL.Inversion.InitialTotalRows (7.4s)
✔ [11628/11847] Built OAI.NumberTheory.DirichletL.Moments.DetectorPlainMarkedState (8.2s)
✔ [11629/11847] Built OAI.NumberTheory.DirichletL.Energy.WidthFloor (8.4s)
✔ [11630/11847] Built OAI.NumberTheory.DirichletL.Moments.FirstAmplifiedCapacitySource (5.0s)
✔ [11631/11847] Built OAI.NumberTheory.DirichletL.Energy.Reindex (5.9s)
✔ [11632/11847] Built OAI.NumberTheory.DirichletL.Energy.DeletedChildCapacity (6.3s)
✔ [11633/11847] Built OAI.NumberTheory.DirichletL.Energy.ReferenceChild (6.3s)
✔ [11634/11847] Built OAI.NumberTheory.DirichletL.Energy.WidthInduction (5.6s)
✔ [11635/11847] Built OAI.NumberTheory.DirichletL.Energy.PaidRemoval (6.6s)
✔ [11636/11847] Built OAI.NumberTheory.DirichletL.Moments.DetectorPlainMomentParameters (6.2s)
✔ [11637/11847] Built OAI.NumberTheory.DirichletL.Inversion.InitialTotalFourier (6.5s)
✔ [11638/11847] Built WeightedQRH.MomentDetectorPlainMarkedState (6.8s)
✔ [11639/11847] Built OAI.NumberTheory.DirichletL.Energy.ReferenceLowBranchGeometry (8.1s)
✔ [11640/11847] Built OAI.NumberTheory.DirichletL.Energy.BandSubtypeTransport (5.0s)
✔ [11641/11847] Built OAI.NumberTheory.DirichletL.Dictionary.InverseRawReference (16s)
✔ [11642/11847] Built OAI.NumberTheory.DirichletL.Moments.AllocatedRayDictionary (5.3s)
✔ [11643/11847] Built OAI.NumberTheory.DirichletL.Moments.FirstAmplifiedActiveCapacitySource (4.0s)
✔ [11644/11847] Built OAI.NumberTheory.DirichletL.Moments.FirstAmplifiedCapacityCommon (5.6s)
✔ [11645/11847] Built OAI.NumberTheory.DirichletL.Energy.ReferenceChildProfiles (5.6s)
✔ [11646/11847] Built OAI.NumberTheory.DirichletL.Inversion.InitialInputReindex (5.2s)
✔ [11647/11847] Built OAI.NumberTheory.DirichletL.Energy.CappedWidthInduction (5.9s)
✔ [11648/11847] Built OAI.NumberTheory.DirichletL.Detector.DetectorPlainUnmarkedField (5.5s)
✔ [11649/11847] Built OAI.NumberTheory.DirichletL.Inversion.InitialOriginalHeight (5.1s)
✔ [11650/11847] Built OAI.NumberTheory.DirichletL.Energy.ZeroUnbalancedOriginalGates (5.2s)
✔ [11651/11847] Built OAI.NumberTheory.DirichletL.Detector.DetectorPlainMarkedFineField (7.5s)
✔ [11652/11847] Built OAI.NumberTheory.DirichletL.Energy.ReferenceLowWindow (4.5s)
✔ [11653/11847] Built WeightedQRH.MomentDetectorPlainMomentParameters (5.2s)
✔ [11654/11847] Built OAI.NumberTheory.DirichletL.Detector.DetectorInverseRawField (5.1s)
✔ [11655/11847] Built OAI.NumberTheory.DirichletL.Energy.AllocatedPaid (4.0s)
✔ [11656/11847] Built OAI.NumberTheory.DirichletL.Energy.AmplifiedRayDictionary (6.1s)
✔ [11657/11847] Built OAI.NumberTheory.DirichletL.Energy.ReferenceLowControl (4.6s)
✔ [11658/11847] Built OAI.NumberTheory.DirichletL.Moments.FirstAmplifiedActiveAffine (4.9s)
✔ [11659/11847] Built OAI.NumberTheory.DirichletL.Energy.SourceInputReindexGates (4.9s)
✔ [11660/11847] Built OAI.NumberTheory.DirichletL.Moments.SecondInputCapacitySource (4.9s)
✔ [11661/11847] Built OAI.NumberTheory.DirichletL.Energy.ReferenceLowBands (4.8s)
✔ [11662/11847] Built OAI.NumberTheory.DirichletL.Energy.NaturalInputMatches (6.9s)
✔ [11663/11847] Built OAI.NumberTheory.DirichletL.Energy.CappedRadialTransport (4.1s)
✔ [11664/11847] Built OAI.NumberTheory.DirichletL.Detector.DetectorPlainUnmarkedRestrictedField (5.2s)
✔ [11665/11847] Built OAI.NumberTheory.DirichletL.Energy.ZeroReflectionSupport (4.0s)
✔ [11666/11847] Built OAI.NumberTheory.DirichletL.Inversion.InitialResidualTupleEnergy (5.5s)
✔ [11667/11847] Built WeightedQRH.MomentParametersHighDataFine (5.0s)
✔ [11668/11847] Built OAI.NumberTheory.DirichletL.Energy.OriginalHighReflectionGeometry (6.4s)
✔ [11669/11847] Built OAI.NumberTheory.DirichletL.Energy.FirstRawScaleAdmission (5.3s)
✔ [11670/11847] Built OAI.NumberTheory.DirichletL.Energy.AllocatedClipped (5.6s)
✔ [11671/11847] Built OAI.NumberTheory.DirichletL.Energy.AmplifiedChildWidth (6.7s)
✔ [11672/11847] Built OAI.NumberTheory.DirichletL.Energy.ZeroReferenceGeometry (6.0s)
✔ [11673/11847] Built OAI.NumberTheory.DirichletL.Energy.ZeroGrowth (4.5s)
✔ [11674/11847] Built OAI.NumberTheory.DirichletL.Moments.FirstAmplifiedPaidAdmission (6.8s)
✔ [11675/11847] Built OAI.NumberTheory.DirichletL.Energy.LowBandSubtype (4.7s)
✔ [11676/11847] Built OAI.NumberTheory.DirichletL.Energy.LowBandEmpty (4.7s)
✔ [11677/11847] Built OAI.NumberTheory.DirichletL.Energy.ReferenceLowChild (4.7s)
✔ [11678/11847] Built OAI.NumberTheory.DirichletL.Energy.OriginalProfileControl (4.8s)
✔ [11679/11847] Built OAI.NumberTheory.DirichletL.Inversion.InitialResidualUniformEnergy (4.6s)
✔ [11680/11847] Built OAI.NumberTheory.DirichletL.Energy.ReferenceProfileBudget (10s)
✔ [11681/11847] Built OAI.NumberTheory.DirichletL.Energy.ZeroRetainedError (6.2s)
✔ [11682/11847] Built WeightedQRH.MomentDetectorMomentPrimeGeometry (5.3s)
✔ [11683/11847] Built OAI.NumberTheory.DirichletL.Energy.AllocatedHomogeneous (5.1s)
✔ [11684/11847] Built OAI.NumberTheory.DirichletL.Energy.FirstLiveAdmission (5.4s)
✔ [11685/11847] Built OAI.NumberTheory.DirichletL.Energy.ZeroUnbalancedDeletedGeometry (5.1s)
✔ [11686/11847] Built OAI.NumberTheory.DirichletL.Moments.FirstAmplifiedPaidReserve (5.7s)
✔ [11687/11847] Built OAI.NumberTheory.DirichletL.Energy.ReferenceLowDirect (4.5s)
✔ [11688/11847] Built OAI.NumberTheory.DirichletL.Energy.ZeroReferenceChild (4.4s)
✔ [11689/11847] Built OAI.NumberTheory.DirichletL.Energy.ReferenceLowMoments (4.7s)
✔ [11690/11847] Built OAI.NumberTheory.DirichletL.Dictionary.InverseMarkedReferenceSourceEnergy (5.6s)
✔ [11691/11847] Built WeightedQRH.MomentInverseMarkedReferencePrimeGates (4.5s)
✔ [11692/11847] Built OAI.NumberTheory.DirichletL.Energy.SourceCapSchedule (4.4s)
✔ [11693/11847] Built OAI.NumberTheory.DirichletL.Energy.CanonicalChildBound (5.2s)
✔ [11694/11847] Built OAI.NumberTheory.DirichletL.Energy.ZeroReferenceMoments (4.3s)
✔ [11695/11847] Built OAI.NumberTheory.DirichletL.Energy.ZeroGrowthChild (4.3s)
✔ [11696/11847] Built OAI.NumberTheory.DirichletL.Energy.FirstRightAdmission (5.7s)
✔ [11697/11847] Built OAI.NumberTheory.DirichletL.Energy.ActiveChildRestoration (18s)
✔ [11698/11847] Built OAI.NumberTheory.DirichletL.Energy.FirstSourceParameters (5.0s)
✔ [11699/11847] Built OAI.NumberTheory.DirichletL.Energy.FirstTwoSeedAdmission (5.2s)
✔ [11700/11847] Built OAI.NumberTheory.DirichletL.Energy.ReferenceLowReflection (4.8s)
✔ [11701/11847] Built OAI.NumberTheory.DirichletL.Dictionary.InverseMarkedReferencePaddedEnergy (3.9s)
✔ [11702/11847] Built OAI.NumberTheory.DirichletL.Energy.CappedRequests (3.3s)
✔ [11703/11847] Built OAI.NumberTheory.DirichletL.Energy.CanonicalLiveBound (3.0s)
✔ [11704/11847] Built OAI.NumberTheory.DirichletL.Energy.ZeroGrowthMoments (3.3s)
✔ [11705/11847] Built OAI.NumberTheory.DirichletL.Energy.ZeroReferenceReflection (3.5s)
✔ [11706/11847] Built OAI.NumberTheory.DirichletL.Energy.ReferenceLowReflectionError (3.4s)
✔ [11707/11847] Built OAI.NumberTheory.DirichletL.Energy.NaturalLowSourceBound (12s)
✔ [11708/11847] Built OAI.NumberTheory.DirichletL.Dictionary.InverseMarkedReferenceDeletedEnergy (3.2s)
✔ [11709/11847] Built OAI.NumberTheory.DirichletL.Energy.CanonicalLiveCapacity (3.0s)
✔ [11710/11847] Built OAI.NumberTheory.DirichletL.Energy.ZeroGrowthWindow (5.3s)
✔ [11711/11847] Built WeightedQRH.MomentInverseMarkedReferenceDeletedEnergy (5.4s)
✔ [11712/11847] Built OAI.NumberTheory.DirichletL.Energy.PositiveLowBandSource (6.1s)
✔ [11713/11847] Built OAI.NumberTheory.DirichletL.Energy.ZeroUnbalancedOriginalDeleted (6.0s)
✔ [11714/11847] Built OAI.NumberTheory.DirichletL.Energy.ZeroReferenceDeleted (7.1s)
✔ [11715/11847] Built OAI.NumberTheory.DirichletL.Energy.CanonicalPaidSource (4.1s)
✔ [11716/11847] Built OAI.NumberTheory.DirichletL.Energy.NaturalSourceAdmission (7.7s)
✔ [11717/11847] Built OAI.NumberTheory.DirichletL.Dictionary.InverseMarkedReferenceFiberEnergy (7.3s)
✔ [11718/11847] Built OAI.NumberTheory.DirichletL.Energy.LiveClippingDefect (7.0s)
✔ [11719/11847] Built OAI.NumberTheory.DirichletL.Energy.OriginalHighReflectionDeleted (8.2s)
✔ [11720/11847] Built OAI.NumberTheory.DirichletL.Energy.ZeroGrowthReflection (4.2s)
✔ [11721/11847] Built OAI.NumberTheory.DirichletL.Energy.PositiveLowSourceControlled (4.4s)
✔ [11722/11847] Built OAI.NumberTheory.DirichletL.Energy.ZeroUnbalancedOriginalSource (4.5s)
✔ [11723/11847] Built OAI.NumberTheory.DirichletL.Energy.ZeroReferenceOriginal (4.5s)
✔ [11724/11847] Built OAI.NumberTheory.DirichletL.Energy.CanonicalCommonPaid (4.7s)
✔ [11725/11847] Built OAI.NumberTheory.DirichletL.Energy.ZeroGrowthBounds (3.9s)
✔ [11726/11847] Built OAI.NumberTheory.DirichletL.Detector.DetectorInverseMarkedField (4.0s)
✔ [11727/11847] Built OAI.NumberTheory.DirichletL.Energy.DeletedRobustGeometry (5.3s)
✔ [11728/11847] Built OAI.NumberTheory.DirichletL.Energy.OriginalHighReflectionOriginal (5.4s)
✔ [11729/11847] Built WeightedQRH.MomentInverseMarkedReferenceFiberEnergy (6.2s)
✔ [11730/11847] Built OAI.NumberTheory.DirichletL.Energy.ZeroReferencePhysical (3.7s)
✔ [11731/11847] Built OAI.NumberTheory.DirichletL.Energy.ZeroUnbalancedOriginalPower (4.9s)
✔ [11732/11847] Built OAI.NumberTheory.DirichletL.Energy.ZeroReferenceBounded (4.9s)
✔ [11733/11847] Built OAI.NumberTheory.DirichletL.Energy.CanonicalReferencePaid (4.4s)
✔ [11734/11847] Built OAI.NumberTheory.DirichletL.Detector.DetectorInverseFields (4.6s)
✔ [11735/11847] Built OAI.NumberTheory.DirichletL.Energy.OriginalHighReflectionSymmetric (4.3s)
✔ [11736/11847] Built WeightedQRH.MomentDetectorInverseMarkedField (5.2s)
✔ [11737/11847] Built OAI.NumberTheory.DirichletL.Energy.ZeroGrowthBounded (6.8s)
✔ [11738/11847] Built OAI.NumberTheory.DirichletL.Energy.ZeroReferenceLiveBounded (4.5s)
✔ [11739/11847] Built OAI.NumberTheory.DirichletL.Energy.ReferenceRobustDeletedEnergy (7.4s)
✔ [11740/11847] Built OAI.NumberTheory.DirichletL.Energy.ZeroUnbalancedOriginal (4.8s)
✔ [11741/11847] Built OAI.NumberTheory.DirichletL.Energy.ChildEnvelopeFitting (5.1s)
✔ [11742/11847] Built OAI.NumberTheory.DirichletL.Detector.FinalAssemblyCertifiedBands (4.5s)
✔ [11743/11847] Built OAI.NumberTheory.DirichletL.Energy.OriginalHighReflectionBounded (9.1s)
✔ [11744/11847] Built WeightedQRH.MomentDetectorInverseFields (3.9s)
✔ [11745/11847] Built OAI.NumberTheory.DirichletL.Energy.CanonicalUniformReference (7.0s)
✔ [11746/11847] Built OAI.NumberTheory.DirichletL.Energy.CanonicalNestedReference (7.5s)
✔ [11747/11847] Built OAI.NumberTheory.DirichletL.Energy.ZeroReferencePhysicalBounded (3.7s)
✔ [11748/11847] Built OAI.NumberTheory.DirichletL.Energy.ReferenceRobustOriginal (4.2s)
✔ [11749/11847] Built OAI.NumberTheory.DirichletL.Energy.OriginalHighReflectionSymmetricBounded (3.3s)
✔ [11750/11847] Built WeightedQRH.MomentDetectorPlainUnmarkedField (3.1s)
✔ [11751/11847] Built OAI.NumberTheory.DirichletL.Energy.ZeroGrowthOriginal (6.7s)
✔ [11752/11847] Built OAI.NumberTheory.DirichletL.Energy.PositiveHighSource (3.9s)
✔ [11753/11847] Built OAI.NumberTheory.DirichletL.Energy.ReferenceRobustBounded (4.5s)
✔ [11754/11847] Built WeightedQRH.MomentDetectorPlainUnmarkedRestrictedField (3.5s)
✔ [11755/11847] Built OAI.NumberTheory.DirichletL.Energy.ZeroGrowthContourBounded (3.5s)
✔ [11756/11847] Built OAI.NumberTheory.DirichletL.Energy.CanonicalMainPaid (6.9s)
✔ [11757/11847] Built OAI.NumberTheory.DirichletL.Energy.ZeroGrowthHighBound (7.6s)
✔ [11758/11847] Built OAI.NumberTheory.DirichletL.Energy.PositiveHighAssembly (3.5s)
✔ [11759/11847] Built OAI.NumberTheory.DirichletL.Energy.ReferenceLiveBounded (3.6s)
✔ [11760/11847] Built OAI.NumberTheory.DirichletL.Energy.PositiveHighParameters (4.2s)
✔ [11761/11847] Built WeightedQRH.MomentDetectorPlainMarkedFineField (4.4s)
✔ [11762/11847] Built OAI.NumberTheory.DirichletL.Energy.CanonicalMainUniform (4.2s)
✔ [11763/11847] Built OAI.NumberTheory.DirichletL.Energy.ZeroGrowthSource (2.9s)
✔ [11764/11847] Built OAI.NumberTheory.DirichletL.Energy.ZeroBalancedDictionary (3.4s)
✔ [11765/11847] Built OAI.NumberTheory.DirichletL.Energy.PositiveHighSourceBounded (3.0s)
✔ [11766/11847] Built WeightedQRH.MomentFinalAssemblyMomentInput (3.2s)
✔ [11767/11847] Built OAI.NumberTheory.DirichletL.Energy.PositiveBalancedAdmission (4.3s)
✔ [11768/11847] Built OAI.NumberTheory.DirichletL.Energy.CanonicalErrorPaid (8.2s)
✔ [11769/11847] Built OAI.NumberTheory.DirichletL.Energy.CanonicalMainGaussian (5.5s)
✔ [11770/11847] Built OAI.NumberTheory.DirichletL.Energy.ZeroBalancedAdmission (3.3s)
✔ [11771/11847] Built WeightedQRH.MomentFinalAssemblyCertifiedBands (3.6s)
✔ [11772/11847] Built OAI.NumberTheory.DirichletL.Energy.PositiveHighAssemblyBounded (3.9s)
✔ [11773/11847] Built OAI.NumberTheory.DirichletL.Energy.CanonicalErrorUniform (4.3s)
✔ [11774/11847] Built OAI.NumberTheory.DirichletL.Energy.ZeroGrowthPhysicalReindex (3.0s)
✔ [11775/11847] Built OAI.NumberTheory.DirichletL.Energy.ZeroGrowthSourceControlled (8.5s)
✔ [11776/11847] Built OAI.NumberTheory.DirichletL.Energy.CanonicalMainSeparated (4.1s)
✔ [11777/11847] Built OAI.NumberTheory.DirichletL.Energy.CanonicalMainSeparatedPower (4.0s)
✔ [11778/11847] Built OAI.NumberTheory.DirichletL.Energy.PositiveHighBound (7.3s)
✔ [11779/11847] Built OAI.NumberTheory.DirichletL.Energy.CanonicalErrorGaussian (8.4s)
✔ [11780/11847] Built OAI.NumberTheory.DirichletL.Energy.PositiveHighSourceBound (3.5s)
✔ [11781/11847] Built OAI.NumberTheory.DirichletL.Energy.CanonicalMainHomogeneous (3.9s)
✔ [11782/11847] Built OAI.NumberTheory.DirichletL.Energy.StageMonotonicity (2.9s)
✔ [11783/11847] Built OAI.NumberTheory.DirichletL.Energy.CanonicalErrorAdmitted (4.2s)
✔ [11784/11847] Built OAI.NumberTheory.DirichletL.Energy.CanonicalMainSubsets (4.5s)
✔ [11785/11847] Built OAI.NumberTheory.DirichletL.Energy.CappedSuccessorPacking (2.7s)
✔ [11786/11847] Built OAI.NumberTheory.DirichletL.Energy.CanonicalErrorPower (4.4s)
✔ [11787/11847] Built OAI.NumberTheory.DirichletL.Energy.CanonicalErrorHomogeneous (4.2s)
✔ [11788/11847] Built OAI.NumberTheory.DirichletL.Energy.CanonicalErrorSubsets (4.5s)
✔ [11789/11847] Built OAI.NumberTheory.DirichletL.Energy.CanonicalAmplifiedUniform (4.2s)
✔ [11790/11847] Built OAI.NumberTheory.DirichletL.Energy.AmplifierFamilyAdmission (2.6s)
✔ [11791/11847] Built OAI.NumberTheory.DirichletL.Energy.CanonicalAnnularPower (6.2s)
✔ [11792/11847] Built OAI.NumberTheory.DirichletL.Energy.CanonicalAnnularLower (3.2s)
✔ [11793/11847] Built OAI.NumberTheory.DirichletL.Energy.CanonicalLowColumn (5.6s)
✔ [11794/11847] Built OAI.NumberTheory.DirichletL.Energy.CanonicalLowSource (6.3s)
✔ [11795/11847] Built OAI.NumberTheory.DirichletL.Energy.CanonicalHighColumn (6.3s)
✔ [11796/11847] Built OAI.NumberTheory.DirichletL.Energy.CanonicalHighSource (5.5s)
✔ [11797/11847] Built OAI.NumberTheory.DirichletL.Energy.CanonicalRightSourceColumn (6.2s)
✔ [11798/11847] Built OAI.NumberTheory.DirichletL.Energy.CanonicalLowPhysical (9.9s)
✔ [11799/11847] Built OAI.NumberTheory.DirichletL.Energy.CanonicalHighPhysical (10s)
✔ [11800/11847] Built OAI.NumberTheory.DirichletL.Energy.PositiveHighPhysical (3.2s)
✔ [11801/11847] Built OAI.NumberTheory.DirichletL.Energy.NaturalLowPhysical (3.5s)
✔ [11802/11847] Built OAI.NumberTheory.DirichletL.Energy.ZeroGrowthPhysical (3.3s)
✔ [11803/11847] Built OAI.NumberTheory.DirichletL.Energy.NaturalHighStage (3.4s)
✔ [11804/11847] Built OAI.NumberTheory.DirichletL.Energy.NaturalLowStage (5.7s)
✔ [11805/11847] Built OAI.NumberTheory.DirichletL.Energy.NaturalZeroStage (5.9s)
✔ [11806/11847] Built OAI.NumberTheory.DirichletL.Energy.CappedLowStage (2.8s)
✔ [11807/11847] Built OAI.NumberTheory.DirichletL.Energy.CappedAnalyticSuccessor (3.5s)
✔ [11808/11847] Built OAI.NumberTheory.DirichletL.Energy.CertifiedExistence (2.5s)
✔ [11809/11847] Built OAI.NumberTheory.DirichletL.Detector.FinalAssemblyUnconditional (2.4s)
✔ [11810/11847] Built WeightedQRH.MomentTerminalInput (2.5s)
✔ [11811/11847] Built WeightedQRH.MomentSourceMoments (2.7s)
✔ [11812/11847] Built WeightedQRH.MomentTerminalLongZero (2.8s)
⚠ [11813/11847] Built WeightedQRH.NumeratorPhysicalMoment (3.6s)
warning: WeightedQRH/NumeratorPhysicalMoment.lean:98:8: `if_pos` has been deprecated: Use `ite_eq_left` instead
warning: WeightedQRH/NumeratorPhysicalMoment.lean:58:44: Variable name `hδ` is not explicitly referenced.

Hint: The binding can be removed (if unused) or named `_` (if used implicitly). Alternatively, prefix the name with `_` to silence this warning:
  [apply] _hδ

Note: This linter can be disabled with `set_option linter.unusedVariables false`
warning: WeightedQRH/NumeratorPhysicalMoment.lean:59:5: Variable name `hs` is not explicitly referenced.

Hint: The binding can be removed (if unused) or named `_` (if used implicitly). Alternatively, prefix the name with `_` to silence this warning:
  [apply] _hs

Note: This linter can be disabled with `set_option linter.unusedVariables false`
warning: WeightedQRH/NumeratorPhysicalMoment.lean:60:5: Variable name `hη` is not explicitly referenced.

Hint: The binding can be removed (if unused) or named `_` (if used implicitly). Alternatively, prefix the name with `_` to silence this warning:
  [apply] _hη

Note: This linter can be disabled with `set_option linter.unusedVariables false`
✔ [11814/11847] Built WeightedQRH.HighRows.FullWCellInput (5.3s)
⚠ [11815/11847] Built WeightedQRH.HighRows.WeightedSlotSelection (5.5s)
warning: WeightedQRH/HighRows/WeightedSlotSelection.lean:29:8: Unused tactic linter: `ring` does nothing

Note: This linter can be disabled with `set_option linter.unusedTactic false`
warning: WeightedQRH/HighRows/WeightedSlotSelection.lean:29:8: this tactic is never executed

Note: This linter can be disabled with `set_option linter.unreachableTactic false`
✔ [11816/11847] Built WeightedQRH.NumeratorPhysicalMomentInput (3.0s)
✔ [11817/11847] Built WeightedQRH.HighRows.WeightedSourceCount (7.3s)
⚠ [11818/11847] Built WeightedQRH.NumeratorFourierProfiles (3.2s)
warning: WeightedQRH/NumeratorFourierProfiles.lean:109:10: Used `tac1 <;> tac2` where `(tac1; tac2)` would suffice

Note: This linter can be disabled with `set_option linter.unnecessarySeqFocus false`
⚠ [11819/11847] Built WeightedQRH.HighRows.WeightedSourceFinish (5.7s)
warning: WeightedQRH/HighRows/WeightedSourceFinish.lean:252:2: Try this: intro hlabels hnext hcurrent k hk i hi j hj hne hd hdelta htop
✔ [11820/11847] Built WeightedQRH.HighRows.FixedHigh (6.7s)
✔ [11821/11847] Built WeightedQRH.HighRows.WeightedSourcePrimeBins (4.8s)
✔ [11822/11847] Built WeightedQRH.NumeratorCertifiedFourier (3.3s)
✔ [11823/11847] Built WeightedQRH.HighRows.WeightedSourceCellGeometry (5.1s)
✔ [11824/11847] Built WeightedQRH.NumeratorCertifiedZero (3.4s)
⚠ [11825/11847] Built WeightedQRH.HighRows.ConditionalFinal (4.0s)
warning: WeightedQRH/HighRows/ConditionalFinal.lean:88:4: Unused tactic linter: `congr 1` does nothing

Note: This linter can be disabled with `set_option linter.unusedTactic false`
✔ [11826/11847] Built WeightedQRH.HighRows.WeightedSourceSelection (4.9s)
✔ [11827/11847] Built WeightedQRH.HighRows.WeightedSourceScalar (5.3s)
⚠ [11828/11847] Built WeightedQRH.NumeratorSourceParameters (5.5s)
warning: WeightedQRH/NumeratorSourceParameters.lean:29:49: Variable name `delta` is not explicitly referenced.

Hint: The binding can be removed (if unused) or named `_` (if used implicitly). Alternatively, prefix the name with `_` to silence this warning:
  [apply] _delta

Note: This linter can be disabled with `set_option linter.unusedVariables false`
✔ [11829/11847] Built WeightedQRH.HighRows.WeightedSourceMaskedCount (5.7s)
⚠ [11830/11847] Built WeightedQRH.HighRows.WeightedSourceLoss (5.0s)
warning: WeightedQRH/HighRows/WeightedSourceLoss.lean:32:5: Variable name `hd` is not explicitly referenced.

Hint: The binding can be removed (if unused) or named `_` (if used implicitly). Alternatively, prefix the name with `_` to silence this warning:
  [apply] _hd

Note: This linter can be disabled with `set_option linter.unusedVariables false`
warning: WeightedQRH/HighRows/WeightedSourceLoss.lean:90:2: Used `tac1 <;> tac2` where `(tac1; tac2)` would suffice

Note: This linter can be disabled with `set_option linter.unnecessarySeqFocus false`
⚠ [11831/11847] Built WeightedQRH.NumeratorCertifiedRetained (7.7s)
warning: WeightedQRH/NumeratorCertifiedRetained.lean:105:92: this tactic is never executed

Note: This linter can be disabled with `set_option linter.unreachableTactic false`
warning: WeightedQRH/NumeratorCertifiedRetained.lean:123:105: this tactic is never executed

Note: This linter can be disabled with `set_option linter.unreachableTactic false`
warning: WeightedQRH/NumeratorCertifiedRetained.lean:126:26: Used `tac1 <;> tac2` where `(tac1; tac2)` would suffice

Note: This linter can be disabled with `set_option linter.unnecessarySeqFocus false`
warning: WeightedQRH/NumeratorCertifiedRetained.lean:126:42: Used `tac1 <;> tac2` where `(tac1; tac2)` would suffice

Note: This linter can be disabled with `set_option linter.unnecessarySeqFocus false`
warning: WeightedQRH/NumeratorCertifiedRetained.lean:105:92: Unused tactic linter: `omega` does nothing

Note: This linter can be disabled with `set_option linter.unusedTactic false`
warning: WeightedQRH/NumeratorCertifiedRetained.lean:123:105: Unused tactic linter: `omega` does nothing

Note: This linter can be disabled with `set_option linter.unusedTactic false`
✔ [11832/11847] Built WeightedQRH.NumeratorActualSourceHelpers (4.0s)
✔ [11833/11847] Built WeightedQRH.HighRows.WeightedSourceFinalAssembly (4.9s)
⚠ [11834/11847] Built WeightedQRH.NumeratorSourceExponent (5.2s)
warning: WeightedQRH/NumeratorSourceExponent.lean:62:6: Used `tac1 <;> tac2` where `(tac1; tac2)` would suffice

Note: This linter can be disabled with `set_option linter.unnecessarySeqFocus false`
⚠ [11835/11847] Built WeightedQRH.NumeratorRetainedFixed (5.1s)
warning: WeightedQRH/NumeratorRetainedFixed.lean:45:43: Variable name `hCcond` is not explicitly referenced.

Hint: The binding can be removed (if unused) or named `_` (if used implicitly). Alternatively, prefix the name with `_` to silence this warning:
  [apply] _hCcond

Note: This linter can be disabled with `set_option linter.unusedVariables false`
✔ [11836/11847] Built WeightedQRH.HighRows.WeightedSourceRawCells (4.3s)
✔ [11837/11847] Built WeightedQRH.NumeratorOriginalFourth (4.7s)
✔ [11838/11847] Built WeightedQRH.NumeratorActiveFourth (4.4s)
✔ [11839/11847] Built WeightedQRH.NumeratorSourceBin (5.7s)
✔ [11840/11847] Built WeightedQRH.NumeratorSourceClass (4.3s)
✔ [11841/11847] Built WeightedQRH.NumeratorSourceMask (6.2s)
✔ [11842/11847] Built WeightedQRH.NumeratorSourceCollect (4.6s)
✔ [11843/11847] Built WeightedQRH.NumeratorActualSource (4.2s)
✔ [11844/11847] Built WeightedQRH.Final (3.8s)
✔ [11845/11847] Built WeightedQRH.Statements (3.8s)
ℹ [11846/11847] Built WeightedQRH.FinalAxioms (3.7s)
info: WeightedQRH/FinalAxioms.lean:6:0: WeightedQRH.Numerator.actual_raw_fullW_input : RawFullWAnalyticInput
info: WeightedQRH/FinalAxioms.lean:7:0: WeightedQRH.fullW_analytic_input : FullWAnalyticInput
info: WeightedQRH/FinalAxioms.lean:8:0: WeightedQRH.beta_le_theta : HeckeZeroSupremum.beta ≤ 10499 / 12000
info: WeightedQRH/FinalAxioms.lean:9:0: WeightedQRH.hecke_nonzero : ∀ (χ : HeckeFamily.Character) (s : ℂ),
  10499 / 12000 < s.re → s ≠ 1 ∨ χ.residue ≠ 1 → HeckeFamily.LFunction χ s ≠ 0
info: WeightedQRH/FinalAxioms.lean:10:0: @WeightedQRH.dirichlet_nonzero : ∀ {q : ℕ} [inst : NeZero q] (χ : DirichletCharacter ℂ q) (s : ℂ),
  10499 / 12000 < s.re → ¬(χ = 1 ∧ s = 1) → DirichletCharacter.LFunction χ s ≠ 0
info: WeightedQRH/FinalAxioms.lean:11:0: WeightedQRH.zeta_nonzero : ∀ (s : ℂ), 10499 / 12000 < s.re → s ≠ 1 → AnalyticAt ℂ riemannZeta s ∧ riemannZeta s ≠ 0
info: WeightedQRH/FinalAxioms.lean:12:0: @OAI.riemannZeta_ne_zero_of_10499_12000_lt_re : ∀ {s : ℂ}, 10499 / 12000 < s.re → riemannZeta s ≠ 0
info: WeightedQRH/FinalAxioms.lean:13:0: @OAI.DirichletCharacter.LFunction_ne_zero_of_10499_12000_lt_re : ∀ {q : ℕ} [inst : NeZero q]
  (χ : DirichletCharacter ℂ q) {s : ℂ}, 10499 / 12000 < s.re → ¬(χ = 1 ∧ s = 1) → DirichletCharacter.LFunction χ s ≠ 0
info: WeightedQRH/FinalAxioms.lean:14:0: HeckeFamily.LFunction_ne_zero_of_10499_12000_lt_re : ∀ (χ : HeckeFamily.Character) {s : ℂ},
  10499 / 12000 < s.re → ¬(χ.residue = 1 ∧ s = 1) → HeckeFamily.LFunction χ s ≠ 0
info: WeightedQRH/FinalAxioms.lean:16:0: 'WeightedQRH.Numerator.source_integrated_amplitude_classes' depends on axioms: [propext, Classical.choice, Quot.sound]
info: WeightedQRH/FinalAxioms.lean:17:0: 'WeightedQRH.Numerator.actual_raw_fullW_input' depends on axioms: [propext, Classical.choice, Quot.sound]
info: WeightedQRH/FinalAxioms.lean:18:0: 'WeightedQRH.fullW_analytic_input' depends on axioms: [propext, Classical.choice, Quot.sound]
info: WeightedQRH/FinalAxioms.lean:19:0: 'WeightedQRH.beta_le_theta' depends on axioms: [propext, Classical.choice, Quot.sound]
info: WeightedQRH/FinalAxioms.lean:20:0: 'WeightedQRH.hecke_nonzero' depends on axioms: [propext, Classical.choice, Quot.sound]
info: WeightedQRH/FinalAxioms.lean:21:0: 'WeightedQRH.dirichlet_nonzero' depends on axioms: [propext, Classical.choice, Quot.sound]
info: WeightedQRH/FinalAxioms.lean:22:0: 'WeightedQRH.zeta_nonzero' depends on axioms: [propext, Classical.choice, Quot.sound]
info: WeightedQRH/FinalAxioms.lean:23:0: 'OAI.riemannZeta_ne_zero_of_10499_12000_lt_re' depends on axioms: [propext, Classical.choice, Quot.sound]
info: WeightedQRH/FinalAxioms.lean:24:0: 'OAI.DirichletCharacter.LFunction_ne_zero_of_10499_12000_lt_re' depends on axioms: [propext,
 Classical.choice,
 Quot.sound]
info: WeightedQRH/FinalAxioms.lean:25:0: 'OAI.SevenEighths.HeckeFamily.LFunction_ne_zero_of_10499_12000_lt_re' depends on axioms: [propext,
 Classical.choice,
 Quot.sound]
Build completed successfully (11847 jobs).
lake build WeightedQRH ComparatorChallenges  9716.93s user 5193.30s system 634% cpu 39:11.66 total
EXIT 0
